USE banco_cl;

INSERT INTO Clientes (nombre, documento, correo, fecha_registro, telefono) VALUES
('Miguel Castro', '94872947', 'miguelnonosmates@campuslands.com', '2023-01-10', '+57 3205593201'),
('Maria Carreño', '87674545', 'mariacarreno@gmail.com', '2021-12-12', '+57 310432854'),
('Adrian Ruiz', '66666666', 'adrianruiz.campuslands@gmail.com', CURDATE(), '+57 3181899999' ),
('Santiago Arenas', '190778432', 'santiagoarenasa123@gmail.com', CURDATE(), '+57 3052357805'),
('Ian', '189748793', 'ianexcamper@gmail.com', '2023-07-04', '+57 2341842503'),
('Darwin Samuel Machucamelo', '954038274', 'darwinmax@gmail.com', '2023-04-04', '+57 2198328793'),
('Yean Paul', '120943839', 'yianpaul@gmail.com', '2024-06-28', '+57 3210354345'),
('Nicolas Muskus', '193845932', 'nicolasmuskushermano1@gmail.com', '2024-07-04', '+57 312948464'),
('Meliza Ardila', '123928342', 'melizaardila@gmail.com', '2022-02-12', '+57 35125842'),
('Danna Sofia', '192304247', 'dannaarias@gmail.com', '2025-09-23', '+57 320123213'),
('Sara Sofia', '103858294', 'soypequeñasara@gmail.com', '2025-03-04', '+57 31204553'),
('Sebiastian Gamboa', '102948214', 'sebastiandavidgamboa@gmail.com', '2022-01-04', '+57 31294487'),
('Lorena Contreras', '109853824', 'lorenacontreras@gmail.com', '2024-07-20', '+57 3129457322'),
('Ingeniero Juan', '10938754', 'juaningenierouis@gmail.com', '2020-01-01', '+57 328182374'),
('Luis Torres', '98472342', 'luistorres@gmail.com', '2023-08-15', '+57 3112345678'),
('Ana Ríos', '89742345', 'anarios@gmail.com', '2022-11-05', '+57 3009876543'),
('Carlos Mejía', '77894561', 'carlosmejia@campuslands.com', '2024-03-22', '+57 3131122334'),
('Valentina López', '88993412', 'valelopez@gmail.com', '2021-10-30', '+57 3209988776'),
('Niño Ortega', '93482319', 'julianortega@gmail.com', CURDATE(), '+57 3027766554'),
('Dilan Sneider', '1094732945', 'dilanpapa@gmail.com', '2024-05-17', '+57 302354554'),
('Kevin Amorocho', '93424456', 'kevinamorochomocho@gmail.com', '2022-02-22', '+57 3032553565'),
('Nico G', '124858356', 'nicolasg@gmail.com', CURDATE(), '+57 3757124563'),
('Juan Pabon', '94452795', 'eldelosteclados@gmail.com', '2023-09-13', '+57 3235674367'),
('Ronal Valderrama', '95738292', 'ronaldopibe@gmail.com', '2021-01-14', '+57 31563759825'),
('Andrés Lizarazo', '102345678', 'andresliz@campuslands.com', '2024-06-10', '+57 3101112233'),
('Fernanda Cala', '109876543', 'fernandacala@gmail.com', '2023-05-03', '+57 3012345678'),
('Karen Celis', '123456789', 'karencelis@campuslands.com', '2022-09-15', '+57 3139876543'),
('Hely Santiago', '987654321', 'helysantiago@gmail.com', CURDATE(), '+57 3145556677'),
('Julian Camilo', '112233445', 'elseñordelcursor@gmail.com', '2021-12-22', '+57 3157788990'),
('Mateo Paternina', '998877665', 'mateopaternina@campuslands.com', '2023-03-08', '+57 3161234567'),
('Uriel Fabian Vargas', '88776654', 'urielvargas@gmail.com', '2024-01-19', '+57 3177899001'),
('Pedro Gomez', '102495787', 'pedromipapa@campuslands.com', '2020-05-07', '+57 3184567890'),
('Juan David Jaimes', '101112131', 'juandavidjaimes@gmail.com', '2023-09-12', '+57 3104455667'),
('Juan Diego Meneses', '141516171', 'juandiegomeneses@campuslands.com', '2022-06-01', '+57 3017788990'),
('Juan José Ramírez', '81920212', 'juanjoseramirez@gmail.com', CURDATE(), '+57 3113344556'),
('Juan Pablo Cifuentes', '922324252', 'juanpablocifuentes@campuslands.com', '2024-04-18', '+57 3122233445'),
('Karolain Huertas', '962728293', 'karolainhuertas@gmail.com', '2021-11-09', '+57 3136677889'),
('Kevin Santiago Gutierrez', '903132333', 'kevinsgutierrez@gmail.com', '2022-08-14', '+57 3148899001'),
('Kevin Santiago R.', '943536373', 'kevinsr@gmail.com', '2023-12-03', '+57 3153344556'),
('Laura Camila Florez', '983940414', 'lauracamila@gmail.com', '2024-05-27', '+57 3169988776'),
('Yolhver Pardo', '920294742', 'trainercampuslands.yolhver@gmail.com', '2024-11-17', '+57 3201234567'),
('Eduard Humberto Guerrero', '901234567', 'eduardguerrero@gmail.com', '2023-07-05', '+57 3101234567'),
('Sara Nicoll Nuñez', '902345678', 'saranunez@gmail.com', '2023-07-05', '+57 3112345678'),
('Maicoll Stiven Méndez', '903456789', 'maicollmendez@campuslands.com', '2023-07-05', '+57 3123456789'),
('Johan Sebastian Larrota', '904567890', 'johanlarrota@gmail.com', '2023-07-05', '+57 3134567890'),
('Diego Ferney Díaz', '905678901', 'diegodiaz@gmail.com', '2023-07-05', '+57 3145678901'),
('Jorge Luis Moreno', '906789012', 'jorgeluismoreno@gmail.com', '2023-07-05', '+57 3156789012'),
('Edwin Mauricio Leon', '907890123', 'edwinleon@gmail.com', '2023-07-05', '+57 3167890123'),
('Darío Alejandro Romero', '908901234', 'darioromero@gmail.com', '2023-07-05', '+57 3178901234'),
('Cristofer Yesid Aguirre', '909012345', 'cristoferaguirre@gmail.com', '2023-07-05', '+57 3189012345');

INSERT INTO Tipo_cuentas (id, nombre) VALUES
(1, 'Ahorro'),
(2, 'Corriente');

INSERT INTO Tipo_movimiento_cuenta (nombre) VALUES 
('Deposito'),
('Nomina'),
('Retiro'),
('Retiro tarjeta');

INSERT INTO Tipo_movimiento_tarjeta (nombre) VALUES 
('Compra'),
('Retiro'),
('Devolucion');

INSERT INTO Cuentas (id, tipo_cuenta_id, cliente_id, saldo, fecha_creacion) VALUES
(1, 1, 41, 6493974.26, '2024-11-17'),
(2, 1, 9, 5344551.34, '2022-12-20'),
(3, 1, 17, 4717766.5, '2023-05-28'),
(4, 1, 10, 4703820.31, '2025-04-01'),
(5, 2, 41, 7214167.54, '2023-04-13'),
(6, 1, 18, 9739166.57, '2024-11-19'),
(7, 1, 47, 6590893.43, '2024-03-13'),
(8, 1, 16, 1166611.42, '2024-09-14'),
(9, 2, 21, 1763780.42, '2023-03-29'),
(10, 1, 25, 5707502.21, '2023-01-29'),
(11, 2, 49, 3877701.5, '2023-09-25'),
(12, 1, 15, 9305456.98, '2024-04-16'),
(13, 1, 31, 3617409.69, '2023-11-18'),
(14, 2, 27, 8643437.51, '2022-12-20'),
(15, 1, 9, 8811742.15, '2023-08-17'),
(16, 2, 1, 5933758.97, '2024-11-21'),
(17, 1, 43, 6421870.21, '2024-05-05'),
(18, 1, 1, 3725715.54, '2023-02-13'),
(19, 2, 6, 6345044.07, '2024-10-07'),
(20, 2, 28, 6439545.79, '2023-12-20'),
(21, 2, 19, 5879022.19, '2025-05-20'),
(22, 2, 46, 3701585.94, '2023-08-18'),
(23, 1, 20, 6294923.1, '2024-11-02'),
(24, 2, 24, 7552839.67, '2025-05-25'),
(25, 2, 22, 2080895.88, '2024-03-26'),
(26, 2, 1, 8932099.99, '2024-05-27'),
(27, 1, 23, 1868678.24, '2024-12-30'),
(28, 1, 36, 5062904.03, '2024-01-01'),
(29, 1, 14, 6686197.27, '2024-09-25'),
(30, 1, 12, 5073110.18, '2023-12-13'),
(31, 2, 42, 4656661.27, '2023-09-09'),
(32, 1, 13, 4347543.29, '2023-12-11'),
(33, 1, 24, 3599335.28, '2023-07-23'),
(34, 2, 50, 4426775.77, '2023-04-11'),
(35, 1, 25, 6706696.99, '2024-02-16'),
(36, 2, 40, 4332535.13, '2024-10-15'),
(37, 1, 3, 1463429.36, '2023-05-31'),
(38, 2, 5, 8388708.13, '2023-10-14'),
(39, 1, 26, 5171843.33, '2023-09-30'),
(40, 2, 5, 6964339.03, '2023-09-20'),
(41, 2, 50, 9805791.71, '2024-02-05'),
(42, 1, 2, 4574081.06, '2023-11-08'),
(43, 1, 22, 8219193.24, '2023-04-16'),
(44, 1, 13, 3590721.14, '2023-12-28'),
(45, 1, 12, 7854710.48, '2024-02-10'),
(46, 2, 49, 1261041.94, '2025-05-18'),
(47, 1, 49, 8740395.47, '2022-11-26'),
(48, 1, 21, 9969234.25, '2024-06-26'),
(49, 1, 35, 8648132.91, '2024-11-18'),
(50, 1, 37, 3236216.4, '2025-05-26');
INSERT INTO Categoria_tarjetas (id, nombre) VALUES
(1, 'Credito'),
(2, 'Debito');
INSERT INTO Tipo_tarjetas (id, nombre, descuento) VALUES
(1, 'Joven', 10.0),
(2, 'Nomina', 5.0),
(3, 'Visa', 15.0);
INSERT INTO Tarjetas (id, tipo_tarjeta_id, categoria_tarjeta_id, cuenta_id, monto_apertura, saldo, estado, numero_tarjeta, fecha_expiracion, limite_credito) VALUES
(1, 2, 1, 5, 167780.31, 631042.06, 'Vencida', '346417788105418', '2029-05-30', 1771554.72),
(2, 3, 1, 32, 197716.43, 84407.93, 'Bloqueada', '630416141806', '2027-08-30', 6384478.32),
(3, 1, 1, 25, 489209.82, 192810.67, 'Activa', '2289248402831278', '2026-07-08', 2255097.14),
(4, 2, 2, 48, 490037.86, 484280.72, 'Vencida', '4427808340484297', '2028-04-12', 5539523.97),
(5, 1, 2, 13, 185262.92, 200792.44, 'Vencida', '4999102470787', '2028-04-20', 8850676.4),
(6, 2, 2, 20, 205118.46, 880536.15, 'Vencida', '5391276400011070', '2028-06-08', 8036915.86),
(7, 2, 2, 22, 157527.64, 515682.79, 'Inactiva', '6587736131171198', '2029-07-11', 2329874.27),
(8, 3, 1, 38, 207582.03, 360799.58, 'Vencida', '676298656825', '2026-09-15', 9772870.44),
(9, 2, 2, 23, 482071.28, 431909.27, 'Inactiva', '6011503680662373', '2029-10-05', 4981546.11),
(10, 3, 2, 15, 478754.12, 199877.83, 'Vencida', '4694015684487658536', '2028-07-30', 1412089.61),
(11, 3, 1, 22, 437415.32, 385963.03, 'Inactiva', '4574276571197', '2026-11-04', 2407043.63),
(12, 3, 1, 4, 234981.96, 537454.45, 'Bloqueada', '4654215123905254', '2028-07-29', 7469183.83),
(13, 3, 1, 31, 412635.6, 65411.77, 'Inactiva', '4216956403651349621', '2027-06-08', 4931329.68),
(14, 1, 1, 42, 421131.54, 388197.28, 'Inactiva', '3508827890340612', '2030-02-09', 5661437.43),
(15, 1, 1, 12, 130378.25, 498209.0, 'Bloqueada', '377959927524951', '2027-04-30', 2033840.79),
(16, 1, 1, 21, 347642.36, 748822.45, 'Activa', '3558234911475668', '2027-02-09', 7742772.76),
(17, 2, 2, 43, 393665.93, 626905.55, 'Bloqueada', '213170087513051', '2030-06-14', 9259570.91),
(18, 1, 1, 29, 473495.85, 236774.61, 'Inactiva', '3579635424649208', '2026-07-29', 6228600.19),
(19, 1, 1, 12, 404447.13, 322902.58, 'Inactiva', '4667351657458090', '2028-06-22', 6483219.48),
(20, 2, 2, 6, 377667.81, 293666.22, 'Inactiva', '4649800825451200671', '2028-07-29', 6943987.04),
(21, 3, 2, 11, 243696.05, 991960.89, 'Inactiva', '3514268899856989', '2030-04-06', 4180726.97),
(22, 1, 2, 27, 212389.25, 125193.17, 'Bloqueada', '30299710715816', '2028-01-28', 2073843.39),
(23, 2, 1, 19, 481192.75, 362607.94, 'Bloqueada', '4428805121112633', '2030-03-18', 9328058.18),
(24, 3, 2, 50, 156141.84, 567154.41, 'Inactiva', '2227787087120080', '2030-05-12', 1706146.07),
(25, 3, 1, 37, 331928.79, 104812.66, 'Vencida', '4314101501969538', '2029-08-19', 4681219.51),
(26, 1, 1, 37, 291750.82, 116981.17, 'Vencida', '6011817842933955', '2026-11-03', 9241275.8),
(27, 2, 1, 6, 277288.06, 839261.59, 'Activa', '4122350415849499086', '2027-07-22', 3526820.13),
(28, 2, 1, 34, 340307.17, 261830.2, 'Bloqueada', '38517488832618', '2029-10-10', 2135051.81),
(29, 2, 2, 22, 465127.64, 278624.12, 'Inactiva', '503885969199', '2028-11-07', 3169762.0),
(30, 2, 2, 7, 403278.27, 279174.21, 'Activa', '4875050954073', '2028-06-19', 8953296.81),
(31, 2, 2, 49, 347476.09, 338318.72, 'Inactiva', '3563006903353225', '2028-09-28', 9820421.57),
(32, 3, 1, 31, 165295.33, 201633.42, 'Bloqueada', '4333420409067433868', '2029-07-22', 6211248.52),
(33, 3, 2, 39, 224372.25, 967919.46, 'Bloqueada', '4834508445155282', '2027-10-31', 6671727.62),
(34, 3, 1, 27, 175273.42, 118813.7, 'Activa', '3578198114713686', '2027-09-19', 8462571.89),
(35, 2, 1, 17, 165326.91, 656426.34, 'Vencida', '3536946323945569', '2028-06-01', 3656346.82),
(36, 1, 2, 33, 180683.68, 899618.77, 'Activa', '4798977146530680284', '2027-12-27', 1572387.8),
(37, 3, 2, 47, 400407.79, 401173.76, 'Bloqueada', '4828989816575548', '2028-06-28', 9746465.45),
(38, 1, 2, 21, 113641.04, 574089.27, 'Inactiva', '6011614997067410', '2027-11-26', 3883216.18),
(39, 2, 2, 10, 238913.58, 586758.71, 'Bloqueada', '2720122870563357', '2027-06-21', 2029980.61),
(40, 1, 2, 46, 452950.1, 86559.8, 'Inactiva', '4813242151148068', '2029-06-26', 3499689.05),
(41, 2, 1, 22, 231342.44, 479714.58, 'Vencida', '180089941165636', '2028-10-21', 7604907.1),
(42, 2, 2, 47, 398462.54, 800150.59, 'Vencida', '6550690108922872', '2029-07-25', 5358234.83),
(43, 1, 1, 9, 148028.72, 830533.94, 'Vencida', '589568339867', '2027-05-27', 7006310.28),
(44, 3, 1, 14, 467065.11, 111176.88, 'Inactiva', '4250449345430753', '2026-12-20', 1650607.58),
(45, 2, 1, 1, 122803.28, 470315.74, 'Activa', '6011712002202186', '2028-12-25', 1248068.25),
(46, 1, 1, 42, 289504.92, 175793.09, 'Bloqueada', '374003053744407', '2026-11-12', 9510662.77),
(47, 2, 1, 32, 400787.2, 509047.52, 'Inactiva', '4385299834466166', '2027-12-03', 8110685.78),
(48, 3, 1, 25, 498897.45, 138809.6, 'Activa', '213196894626000', '2028-02-02', 4511962.6),
(49, 3, 1, 37, 339419.97, 963583.45, 'Bloqueada', '6587678748090157', '2029-09-04', 6760496.42),
(50, 1, 1, 1, 325586.6, 93737.09, 'Inactiva', '4966398209229', '2029-04-27', 4267506.04);
INSERT INTO Cuotas_de_manejo (id, tarjeta_id, monto_base, monto_total, vencimiento_cuota, estado) VALUES
(1, 1, 50000.00, 47500.00, '2024-07-30', 'Pago'),
(2, 2, 50000.00, 42500.00, '2024-08-29', 'Pendiente'),
(3, 3, 50000.00, 45000.00, '2024-09-28', 'Pago'),
(4, 4, 50000.00, 47500.00, '2024-10-28', 'Pendiente'),
(5, 5, 50000.00, 45000.00, '2024-11-27', 'Pendiente'),
(6, 6, 50000.00, 47500.00, '2024-12-27', 'Pago'),
(7, 7, 50000.00, 47500.00, '2025-01-26', 'Pago'),
(8, 8, 50000.00, 42500.00, '2025-02-25', 'Pendiente'),
(9, 9, 50000.00, 47500.00, '2025-03-27', 'Pendiente'),
(10, 10, 50000.00, 42500.00, '2025-04-26', 'Pago'),
(11, 11, 50000.00, 42500.00, '2025-05-21', 'Pendiente'),
(12, 12, 50000.00, 42500.00, '2025-06-14', 'Pago'),
(13, 13, 50000.00, 42500.00, '2025-07-10', 'Pendiente'),
(14, 14, 50000.00, 45000.00, '2025-08-07', 'Pago'),
(15, 15, 50000.00, 45000.00, '2025-09-04', 'Pendiente'),
(16, 16, 50000.00, 45000.00, '2025-10-01', 'Pago'),
(17, 17, 50000.00, 47500.00, '2025-10-28', 'Pendiente'),
(18, 18, 50000.00, 45000.00, '2025-11-25', 'Pago'),
(19, 19, 50000.00, 45000.00, '2025-12-22', 'Pago'),
(20, 20, 50000.00, 47500.00, '2026-01-18', 'Pago'),
(21, 21, 50000.00, 42500.00, '2026-02-14', 'Pendiente'),
(22, 22, 50000.00, 45000.00, '2026-03-13', 'Pendiente'),
(23, 23, 50000.00, 47500.00, '2026-04-09', 'Pendiente'),
(24, 24, 50000.00, 42500.00, '2026-05-07', 'Pendiente'),
(25, 25, 50000.00, 42500.00, '2026-06-03', 'Pago'),
(26, 26, 50000.00, 45000.00, '2026-06-30', 'Pago'),
(27, 27, 50000.00, 47500.00, '2026-07-28', 'Pendiente'),
(28, 28, 50000.00, 47500.00, '2026-08-24', 'Pago'),
(29, 29, 50000.00, 47500.00, '2026-09-20', 'Pago'),
(30, 30, 50000.00, 47500.00, '2026-10-17', 'Pendiente'),
(31, 31, 50000.00, 47500.00, '2026-11-13', 'Pago'),
(32, 32, 50000.00, 42500.00, '2026-12-10', 'Pago'),
(33, 33, 50000.00, 42500.00, '2027-01-06', 'Pago'),
(34, 34, 50000.00, 42500.00, '2027-02-03', 'Pago'),
(35, 35, 50000.00, 47500.00, '2027-03-02', 'Pendiente'),
(36, 36, 50000.00, 45000.00, '2027-03-29', 'Pago'),
(37, 37, 50000.00, 42500.00, '2027-04-26', 'Pago'),
(38, 38, 50000.00, 42500.00, '2027-05-23', 'Pago'),
(39, 39, 50000.00, 47500.00, '2027-06-19', 'Pago'),
(40, 40, 50000.00, 45000.00, '2027-07-16', 'Pago'),
(41, 41, 50000.00, 47500.00, '2027-08-12', 'Pendiente'),
(42, 42, 50000.00, 47500.00, '2027-09-08', 'Pendiente'),
(43, 43, 50000.00, 45000.00, '2027-10-06', 'Pago'),
(44, 44, 50000.00, 42500.00, '2027-11-02', 'Pago'),
(45, 45, 50000.00, 47500.00, '2027-11-29', 'Pago'),
(46, 46, 50000.00, 45000.00, '2027-12-26', 'Pago'),
(47, 47, 50000.00, 47500.00, '2028-01-22', 'Pago'),
(48, 48, 50000.00, 42500.00, '2028-02-18', 'Pago'),
(49, 49, 50000.00, 42500.00, '2028-03-17', 'Pago'),
(50, 50, 50000.00, 45000.00, '2028-04-13', 'Pendiente');

INSERT INTO Pagos (id, cuota_id, fecha_pago, total_pago, metodo_pago, estado) VALUES
(1, 1, '2024-07-30', 47000.00, 'Tarjeta', 'Pendiente'),
(2, 2, '2024-08-01', 42000.00, 'PSE', 'Rechazado'),
(3, 3, '2024-08-02', 44000.00, 'Efectivo', 'Pendiente'),
(4, 4, '2024-08-03', 47000.00, 'Transferencia', 'Completado'),
(5, 5, '2024-08-04', 44000.00, 'Tarjeta', 'Pendiente'),
(6, 6, '2024-08-05', 47500.00, 'PSE', 'Completado'),
(7, 7, '2024-08-06', 47000.00, 'Transferencia', 'Rechazado'),
(8, 8, '2024-08-07', 42000.00, 'Tarjeta', 'Cancelado'),
(9, 9, '2024-08-08', 47000.00, 'Transferencia', 'Completado'),
(10, 10, '2024-08-09', 42000.00, 'Efectivo', 'Rechazado'),
(11, 11, '2024-08-10', 42000.00, 'PSE', 'Pendiente'),
(12, 12, '2024-08-11', 42000.00, 'Tarjeta', 'Rechazado'),
(13, 13, '2024-08-12', 42000.00, 'Transferencia', 'Pendiente'),
(14, 14, '2024-08-13', 44000.00, 'Efectivo', 'Pendiente'),
(15, 15, '2024-08-14', 44000.00, 'Transferencia', 'Completado'),
(16, 16, '2024-08-15', 44000.00, 'Efectivo', 'Pendiente'),
(17, 17, '2024-08-16', 47000.00, 'PSE', 'Completado'),
(18, 18, '2024-08-17', 44000.00, 'Tarjeta', 'Rechazado'),
(19, 19, '2024-08-18', 43000.00, 'PSE', 'Completado'),
(20, 20, '2024-08-19', 47500.00, 'Tarjeta', 'Completado'),
(21, 21, '2024-08-20', 42000.00, 'Efectivo', 'Completado'),
(22, 22, '2024-08-21', 44000.00, 'Transferencia', 'Pendiente'),
(23, 23, '2024-08-22', 47000.00, 'PSE', 'Completado'),
(24, 24, '2024-08-23', 42000.00, 'Transferencia', 'Cancelado'),
(25, 25, '2024-08-24', 42000.00, 'Tarjeta', 'Completado'),
(26, 26, '2024-08-25', 44000.00, 'PSE', 'Completado'),
(27, 27, '2024-08-26', 47500.00, 'PSE', 'Cancelado'),
(28, 28, '2024-08-27', 47000.00, 'Transferencia', 'Completado'),
(29, 29, '2024-08-28', 47000.00, 'Tarjeta', 'Cancelado'),
(30, 30, '2024-08-29', 47500.00, 'Efectivo', 'Completado'),
(31, 31, '2024-08-30', 42000.00, 'Transferencia', 'Rechazado'),
(32, 32, '2024-08-31', 43000.00, 'Tarjeta', 'Pendiente'),
(33, 33, '2024-09-01', 47000.00, 'Tarjeta', 'Cancelado'),
(34, 34, '2024-09-02', 42000.00, 'Efectivo', 'Pendiente'),
(35, 35, '2024-09-03', 44000.00, 'Transferencia', 'Rechazado'),
(36, 36, '2024-09-04', 44000.00, 'PSE', 'Pendiente'),
(37, 37, '2024-09-05', 42000.00, 'Efectivo', 'Pendiente'),
(38, 38, '2024-09-06', 42000.00, 'PSE', 'Cancelado'),
(39, 39, '2024-09-07', 47500.00, 'Transferencia', 'Pendiente'),
(40, 40, '2024-09-08', 44000.00, 'Efectivo', 'Completado'),
(41, 41, '2024-09-09', 47000.00, 'Transferencia', 'Completado'),
(42, 42, '2024-09-10', 42000.00, 'Tarjeta', 'Completado'),
(43, 43, '2024-09-11', 44000.00, 'Transferencia', 'Completado'),
(44, 44, '2024-09-12', 42000.00, 'Tarjeta', 'Pendiente'),
(45, 45, '2024-09-13', 47000.00, 'Efectivo', 'Pendiente'),
(46, 46, '2024-09-14', 44000.00, 'Transferencia', 'Completado'),
(47, 47, '2024-09-15', 47500.00, 'Tarjeta', 'Pendiente'),
(48, 48, '2024-09-16', 42000.00, 'Transferencia', 'Pendiente'),
(49, 49, '2024-09-17', 42000.00, 'PSE', 'Completado'),
(50, 50, '2024-09-18', 45000.00, 'Efectivo', 'Completado');


INSERT INTO Historial_de_pagos (id, pago_id, fecha_cambio, estado_anterior, nuevo_estado) VALUES
(1, 45, '2024-10-18', 'Completado', 'Cancelado'),
(2, 45, '2025-01-15', 'Cancelado', 'Rechazado'),
(3, 9, '2024-08-29', 'Completado', 'Cancelado'),
(4, 25, '2025-06-18', 'Rechazado', 'Cancelado'),
(5, 49, '2024-10-14', 'Pendiente', 'Completado'),
(6, 28, '2025-03-26', 'Rechazado', 'Cancelado'),
(7, 44, '2025-05-05', 'Rechazado', 'Rechazado'),
(8, 43, '2024-09-26', 'Completado', 'Cancelado'),
(9, 39, '2024-09-27', 'Pendiente', 'Cancelado'),
(10, 5, '2024-07-04', 'Completado', 'Pendiente'),
(11, 18, '2024-07-18', 'Rechazado', 'Completado'),
(12, 43, '2025-04-09', 'Rechazado', 'Pendiente'),
(13, 33, '2025-02-15', 'Rechazado', 'Completado'),
(14, 23, '2024-09-30', 'Rechazado', 'Completado'),
(15, 4, '2025-03-12', 'Rechazado', 'Rechazado'),
(16, 33, '2024-09-05', 'Rechazado', 'Pendiente'),
(17, 7, '2024-07-02', 'Pendiente', 'Cancelado'),
(18, 24, '2024-12-26', 'Rechazado', 'Pendiente'),
(19, 6, '2025-01-09', 'Pendiente', 'Rechazado'),
(20, 34, '2024-07-29', 'Rechazado', 'Pendiente'),
(21, 31, '2025-01-24', 'Rechazado', 'Pendiente'),
(22, 36, '2025-04-30', 'Rechazado', 'Pendiente'),
(23, 39, '2024-08-23', 'Rechazado', 'Completado'),
(24, 20, '2025-06-07', 'Pendiente', 'Completado'),
(25, 19, '2024-09-10', 'Cancelado', 'Pendiente'),
(26, 32, '2025-06-19', 'Cancelado', 'Pendiente'),
(27, 15, '2024-10-03', 'Rechazado', 'Pendiente'),
(28, 2, '2025-03-17', 'Rechazado', 'Pendiente'),
(29, 1, '2024-12-16', 'Pendiente', 'Rechazado'),
(30, 13, '2025-02-27', 'Cancelado', 'Rechazado'),
(31, 43, '2024-09-12', 'Cancelado', 'Completado'),
(32, 46, '2025-03-19', 'Completado', 'Pendiente'),
(33, 16, '2025-03-05', 'Cancelado', 'Rechazado'),
(34, 40, '2025-02-28', 'Cancelado', 'Cancelado'),
(35, 18, '2024-09-13', 'Rechazado', 'Rechazado'),
(36, 12, '2025-04-20', 'Pendiente', 'Cancelado'),
(37, 44, '2024-11-08', 'Cancelado', 'Rechazado'),
(38, 8, '2025-01-28', 'Rechazado', 'Completado'),
(39, 38, '2025-01-20', 'Completado', 'Pendiente'),
(40, 21, '2025-03-13', 'Rechazado', 'Cancelado'),
(41, 48, '2024-10-03', 'Completado', 'Rechazado'),
(42, 20, '2025-04-22', 'Pendiente', 'Cancelado'),
(43, 26, '2024-07-06', 'Completado', 'Completado'),
(44, 8, '2024-07-10', 'Cancelado', 'Completado'),
(45, 39, '2024-12-04', 'Pendiente', 'Cancelado'),
(46, 1, '2024-08-08', 'Pendiente', 'Cancelado'),
(47, 43, '2024-07-06', 'Completado', 'Completado'),
(48, 6, '2024-07-24', 'Rechazado', 'Completado'),
(49, 48, '2024-06-23', 'Pendiente', 'Completado'),
(50, 2, '2025-05-04', 'Completado', 'Completado');
INSERT INTO Seguridad_tarjetas (id, tarjeta_id, pin, fecha_creacion) VALUES
(1, 1, 2434, '2023-03-03'),
(2, 2, 7809, '2023-03-06'),
(3, 3, 9190, '2025-05-18'),
(4, 4, 5405, '2024-08-05'),
(5, 5, 3012, '2023-12-26'),
(6, 6, 4958, '2023-06-17'),
(7, 7, 2211, '2024-11-05'),
(8, 8, 8460, '2023-09-04'),
(9, 9, 6966, '2023-12-04'),
(10, 10, 4274, '2024-05-06'),
(11, 11, 5967, '2023-04-02'),
(12, 12, 7114, '2023-01-17'),
(13, 13, 4238, '2024-05-16'),
(14, 14, 5334, '2023-03-21'),
(15, 15, 6176, '2024-02-23'),
(16, 16, 6916, '2025-05-23'),
(17, 17, 3502, '2023-04-28'),
(18, 18, 8735, '2025-01-02'),
(19, 19, 7387, '2024-07-16'),
(20, 20, 9256, '2024-05-31'),
(21, 21, 4733, '2024-05-01'),
(22, 22, 4189, '2025-04-19'),
(23, 23, 7894, '2023-01-23'),
(24, 24, 1978, '2022-10-26'),
(25, 25, 9994, '2023-03-08'),
(26, 26, 2983, '2023-05-22'),
(27, 27, 5711, '2023-03-27'),
(28, 28, 1217, '2024-08-19'),
(29, 29, 6135, '2023-02-13'),
(30, 30, 5812, '2023-12-26'),
(31, 31, 7655, '2025-04-23'),
(32, 32, 8155, '2022-10-18'),
(33, 33, 5954, '2023-12-31'),
(34, 34, 5707, '2025-04-08'),
(35, 35, 1661, '2024-06-10'),
(36, 36, 2649, '2024-07-02'),
(37, 37, 8178, '2022-12-09'),
(38, 38, 2048, '2023-09-11'),
(39, 39, 9769, '2024-02-03'),
(40, 40, 6123, '2023-02-14'),
(41, 41, 3096, '2024-01-06'),
(42, 42, 5395, '2023-12-14'),
(43, 43, 6982, '2024-07-02'),
(44, 44, 6061, '2024-05-08'),
(45, 45, 7191, '2024-08-24'),
(46, 46, 3386, '2025-06-10'),
(47, 47, 8026, '2025-06-02'),
(48, 48, 9305, '2023-06-03'),
(49, 49, 9556, '2023-12-13'),
(50, 50, 2983, '2024-06-22');

INSERT INTO Movimientos (cuenta_id, tipo_movimiento, monto, fecha, saldo_anterior, nuevo_saldo) VALUES
(1, 2, 1500000.00, '2024-12-01', 0.00, 1500000.00),
(1, 1, 2000000.00, '2025-01-10', 1500000.00, 3500000.00),
(1, 1, 2993974.26, '2025-02-15', 3500000.00, 6493974.26),
(2, 2, 2000000.00, '2023-01-05', 0.00, 2000000.00),
(2, 1, 1800000.00, '2023-04-20', 2000000.00, 3800000.00),
(2, 1, 1544551.34, '2023-09-10', 3800000.00, 5344551.34),
(3, 2, 1000000.00, '2023-06-01', 0.00, 1000000.00),
(3, 1, 1200000.00, '2023-07-01', 1000000.00, 2200000.00),
(3, 1, 2517766.50, '2023-09-15', 2200000.00, 4717766.50),
(4, 2, 2000000.00, '2025-04-02', 0.00, 2000000.00),
(4, 1, 1503820.31, '2025-04-20', 2000000.00, 3503820.31),
(4, 1, 1200000.00, '2025-05-05', 3503820.31, 4703820.31),
(5, 2, 3000000.00, '2023-04-14', 0.00, 3000000.00),
(5, 1, 2214167.54, '2023-07-30', 3000000.00, 5214167.54),
(5, 1, 2000000.00, '2023-10-10', 5214167.54, 7214167.54),
(6, 1, 5000000.00, '2024-11-19', 4739166.57, 9739166.57),
(7, 1, 2000000.00, '2024-03-13', 4590893.43, 6590893.43),
(8, 2, 1000000.00, '2024-09-14', 166611.42, 1166611.42),
(9, 1, 2000000.00, '2023-03-29', 376780.42, 1763780.42),
(10, 1, 5000000.00, '2023-01-29', 707502.21, 5707502.21),
(11, 1, 3000000.00, '2023-09-25', 877701.50, 3877701.50),
(12, 1, 9500000.00, '2024-04-16', 195456.98, 9305456.98),
(13, 1, 4000000.00, '2023-11-18', -382590.31, 3617409.69),
(14, 1, 9000000.00, '2022-12-20', -356562.49, 8643437.51),
(15, 1, 8500000.00, '2023-08-17', 311742.15, 8811742.15);

INSERT INTO Movimientos_tarjeta VALUES
(1, 2, 1, '2024-01-01', 459499.68, 2),
(2, 1, 2, '2024-01-04', 742291.88, 3),
(3, 3, 3, '2024-01-07', 919420.24, 1),
(4, 2, 4, '2024-01-10', 233734.65, 1),
(5, 2, 5, '2024-01-13', 723580.91, 2),
(6, 2, 6, '2024-01-17', 899003.75, 6),
(7, 1, 7, '2024-01-20', 637202.31, 1),
(8, 2, 8, '2024-01-23', 988316.72, 5),
(9, 3, 9, '2024-01-26', 534272.85, 3),
(10, 3, 10, '2024-01-29', 664890.64, 3),
(11, 1, 11, '2024-02-01', 451196.42, 1),
(12, 3, 12, '2024-02-04', 798321.90, 2),
(13, 1, 13, '2024-02-07', 953211.44, 3),
(14, 3, 14, '2024-02-10', 178324.19, 5),
(15, 1, 15, '2024-02-13', 808345.11, 2),
(16, 3, 16, '2024-02-16', 149274.26, 5),
(17, 1, 17, '2024-02-19', 870194.92, 6),
(18, 2, 18, '2024-02-22', 453119.88, 1),
(19, 1, 19, '2024-02-25', 233856.21, 3),
(20, 3, 20, '2024-02-28', 778905.90, 1),
(21, 3, 21, '2024-03-02', 731064.83, 1),
(22, 3, 22, '2024-03-05', 927028.88, 2),
(23, 2, 23, '2024-03-08', 210952.13, 3),
(24, 2, 24, '2024-03-11', 835141.11, 6),
(25, 1, 25, '2024-03-14', 689384.58, 2),
(26, 1, 26, '2024-03-17', 166518.41, 5),
(27, 2, 27, '2024-03-20', 426058.14, 1),
(28, 2, 28, '2024-03-23', 867084.19, 1),
(29, 2, 29, '2024-03-26', 978438.34, 6),
(30, 3, 30, '2024-03-29', 243794.58, 1),
(31, 3, 31, '2024-04-01', 267914.79, 1),
(32, 2, 32, '2024-04-04', 479116.60, 2),
(33, 1, 33, '2024-04-07', 564179.02, 6),
(34, 1, 34, '2024-04-10', 941033.67, 5),
(35, 2, 35, '2024-04-13', 291152.49, 3),
(36, 1, 36, '2024-04-16', 945030.08, 2),
(37, 2, 37, '2024-04-19', 840654.90, 3),
(38, 1, 38, '2024-04-22', 282907.68, 2),
(39, 2, 39, '2024-04-25', 282660.94, 2),
(40, 2, 40, '2024-04-28', 825776.58, 2),
(41, 3, 41, '2024-05-01', 645044.63, 6),
(42, 3, 42, '2024-05-04', 322127.98, 2),
(43, 1, 43, '2024-05-07', 738671.36, 5),
(44, 1, 44, '2024-05-10', 843080.47, 2),
(45, 2, 45, '2024-05-13', 212230.76, 1),
(46, 3, 46, '2024-05-16', 774979.07, 3),
(47, 2, 47, '2024-05-20', 805242.99, 2),
(48, 1, 48, '2024-05-23', 859996.13, 3),
(49, 2, 49, '2024-06-05', 774944.49, 1),
(50, 3, 50, '2024-06-08', 601774.03, 1);

INSERT INTO Cuotas_credito VALUES
(1, 1, 1, '2024-02-01', 229749.84, 'Pagada'),
(2, 1, 2, '2024-03-01', 229749.84, 'Pagada'),
(3, 2, 1, '2024-02-04', 247430.63, 'Pagada'),
(4, 2, 2, '2024-03-04', 247430.63, 'Pendiente'),
(5, 2, 3, '2024-04-03', 247430.63, 'Pagada'),
(6, 3, 1, '2024-02-07', 919420.24, 'Pagada'),
(7, 4, 1, '2024-02-10', 233734.65, 'Pagada'),
(8, 5, 1, '2024-02-13', 361790.46, 'Pendiente'),
(9, 5, 2, '2024-03-13', 361790.46, 'Pagada'),
(10, 6, 1, '2024-02-17', 149834.0, 'Pagada'),
(11, 6, 2, '2024-03-17', 149834.0, 'Pendiente'),
(12, 6, 3, '2024-04-16', 149834.0, 'Pendiente'),
(13, 6, 4, '2024-05-16', 149834.0, 'Pagada'),
(14, 6, 5, '2024-06-15', 149834.0, 'Pagada'),
(15, 6, 6, '2024-07-15', 149834.0, 'Pendiente'),
(16, 7, 1, '2024-02-20', 637202.31, 'Pagada'),
(17, 8, 1, '2024-02-23', 197663.34, 'Pendiente'),
(18, 8, 2, '2024-03-23', 197663.34, 'Pagada'),
(19, 8, 3, '2024-04-22', 197663.34, 'Pagada'),
(20, 8, 4, '2024-05-22', 197663.34, 'Pendiente'),
(21, 8, 5, '2024-06-21', 197663.34, 'Pendiente'),
(22, 9, 1, '2024-02-26', 178090.95, 'Pendiente'),
(23, 9, 2, '2024-03-26', 178090.95, 'Pagada'),
(24, 9, 3, '2024-04-25', 178090.95, 'Pendiente'),
(25, 10, 1, '2024-02-29', 221630.21, 'Pagada'),
(26, 10, 2, '2024-03-30', 221630.21, 'Pendiente'),
(27, 10, 3, '2024-04-29', 221630.21, 'Pagada'),
(28, 12, 1, '2024-03-05', 399160.95, 'Pagada'),
(29, 12, 2, '2024-04-04', 399160.95, 'Pendiente'),
(30, 13, 1, '2024-03-07', 317737.15, 'Pagada'),
(31, 13, 2, '2024-04-06', 317737.15, 'Pendiente'),
(32, 13, 3, '2024-05-06', 317737.15, 'Pagada'),
(33, 14, 1, '2024-03-10', 35664.84, 'Pendiente'),
(34, 14, 2, '2024-04-09', 35664.84, 'Pagada'),
(35, 14, 3, '2024-05-09', 35664.84, 'Pagada'),
(36, 14, 4, '2024-06-08', 35664.84, 'Pendiente'),
(37, 14, 5, '2024-07-08', 35664.84, 'Pagada'),
(38, 15, 1, '2024-03-13', 404172.55, 'Pagada'),
(39, 15, 2, '2024-04-12', 404172.55, 'Pagada'),
(40, 16, 1, '2024-03-16', 29854.85, 'Pagada'),
(41, 16, 2, '2024-04-15', 29854.85, 'Pendiente'),
(42, 16, 3, '2024-05-15', 29854.85, 'Pagada'),
(43, 16, 4, '2024-06-14', 29854.85, 'Pendiente'),
(44, 16, 5, '2024-07-14', 29854.85, 'Pendiente'),
(45, 17, 1, '2024-03-19', 145032.49, 'Pendiente'),
(46, 17, 2, '2024-04-18', 145032.49, 'Pagada'),
(47, 17, 3, '2024-05-18', 145032.49, 'Pagada'),
(48, 17, 4, '2024-06-17', 145032.49, 'Pendiente'),
(49, 17, 5, '2024-07-17', 145032.49, 'Pagada'),
(50, 17, 6, '2024-08-16', 145032.49, 'Pendiente');

INSERT INTO Pagos_tarjeta VALUES
(1, 1, '2024-01-31', 229749.84),
(2, 2, '2024-03-01', 229749.84),
(3, 3, '2024-02-03', 247430.63),
(4, 5, '2024-04-02', 247430.63),
(5, 6, '2024-02-07', 919420.24),
(6, 7, '2024-02-10', 233734.65),
(7, 9, '2024-03-12', 361790.46),
(8, 10, '2024-02-16', 149834.00),
(9, 13, '2024-05-15', 149834.00),
(10, 14, '2024-06-14', 149834.00),
(11, 16, '2024-02-19', 637202.31),
(12, 18, '2024-03-22', 197663.34),
(13, 19, '2024-04-21', 197663.34),
(14, 23, '2024-03-25', 178090.95),
(15, 25, '2024-02-28', 221630.21),
(16, 27, '2024-04-28', 221630.21),
(17, 28, '2024-03-05', 399160.95),
(18, 30, '2024-03-07', 317737.15),
(19, 32, '2024-05-05', 317737.15),
(20, 34, '2024-04-08', 35664.84),
(21, 35, '2024-05-08', 35664.84),
(22, 37, '2024-07-07', 35664.84),
(23, 38, '2024-03-12', 404172.55),
(24, 39, '2024-04-11', 404172.55),
(25, 40, '2024-03-15', 29854.85),
(26, 42, '2024-05-14', 29854.85),
(27, 44, '2024-07-13', 29854.85),
(28, 46, '2024-04-17', 145032.49),
(29, 47, '2024-05-17', 145032.49),
(30, 49, '2024-07-16', 145032.49),
(31, 4, '2024-03-03', 247430.63),
(32, 8, '2024-02-09', 361790.46),
(33, 11, '2024-02-06', 149834.00),
(34, 12, '2024-03-15', 149834.00),
(35, 15, '2024-06-13', 149834.00),
(36, 17, '2024-02-19', 637202.31),
(37, 20, '2024-05-21', 197663.34),
(38, 21, '2024-06-20', 197663.34),
(39, 24, '2024-04-24', 178090.95),
(40, 26, '2024-03-29', 221630.21),
(41, 29, '2024-04-03', 399160.95),
(42, 31, '2024-04-05', 317737.15),
(43, 33, '2024-06-07', 35664.84),
(44, 36, '2024-07-07', 35664.84),
(45, 41, '2024-04-14', 29854.85),
(46, 43, '2024-06-13', 29854.85),
(47, 45, '2024-08-15', 145032.49),
(48, 48, '2024-06-18', 145032.49),
(49, 50, '2024-08-15', 145032.49),
(50, 22, '2024-03-23', 197663.34);
INSERT INTO Intereses_tarjetas VALUES
(1, 1, '2025-06-01', 580000.00, 2.50, 14500.00),
(2, 2, '2025-06-01', 84000.00, 1.80, 1512.00),
(3, 3, '2025-06-01', 190000.00, 2.90, 5510.00),
(4, 4, '2025-06-01', 480000.00, 2.30, 11040.00),
(5, 5, '2025-06-01', 200000.00, 3.10, 6200.00),
(6, 6, '2025-06-01', 870000.00, 2.00, 17400.00),
(7, 7, '2025-06-01', 500000.00, 1.70, 8500.00),
(8, 8, '2025-06-01', 350000.00, 2.60, 9100.00),
(9, 9, '2025-06-01', 430000.00, 1.90, 8170.00),
(10, 10, '2025-06-01', 190000.00, 2.50, 4750.00),
(11, 11, '2025-06-01', 380000.00, 2.40, 9120.00),
(12, 12, '2025-06-01', 530000.00, 3.00, 15900.00),
(13, 13, '2025-06-01', 65000.00, 1.50, 975.00),
(14, 14, '2025-06-01', 385000.00, 2.70, 10395.00),
(15, 15, '2025-06-01', 490000.00, 3.50, 17150.00),
(16, 16, '2025-06-01', 740000.00, 2.10, 15540.00),
(17, 17, '2025-06-01', 620000.00, 2.60, 16120.00),
(18, 18, '2025-06-01', 230000.00, 2.80, 6440.00),
(19, 19, '2025-06-01', 320000.00, 1.60, 5120.00),
(20, 20, '2025-06-01', 290000.00, 2.90, 8410.00),
(21, 21, '2025-06-01', 980000.00, 1.90, 18620.00),
(22, 22, '2025-06-01', 120000.00, 2.00, 2400.00),
(23, 23, '2025-06-01', 360000.00, 2.30, 8280.00),
(24, 24, '2025-06-01', 550000.00, 2.80, 15400.00),
(25, 25, '2025-06-01', 100000.00, 1.60, 1600.00),
(26, 26, '2025-06-01', 110000.00, 2.20, 2420.00),
(27, 27, '2025-06-01', 820000.00, 2.40, 19680.00),
(28, 28, '2025-06-01', 250000.00, 1.50, 3750.00),
(29, 29, '2025-06-01', 270000.00, 2.90, 7830.00),
(30, 30, '2025-06-01', 275000.00, 1.80, 4950.00),
(31, 31, '2025-06-01', 330000.00, 3.10, 10230.00),
(32, 32, '2025-06-01', 200000.00, 2.00, 4000.00),
(33, 33, '2025-06-01', 960000.00, 1.90, 18240.00),
(34, 34, '2025-06-01', 115000.00, 1.50, 1725.00),
(35, 35, '2025-06-01', 655000.00, 2.60, 17030.00),
(36, 36, '2025-06-01', 895000.00, 3.20, 28640.00),
(37, 37, '2025-06-01', 400000.00, 2.50, 10000.00),
(38, 38, '2025-06-01', 570000.00, 1.90, 10830.00),
(39, 39, '2025-06-01', 580000.00, 2.10, 12180.00),
(40, 40, '2025-06-01', 85000.00, 3.00, 2550.00),
(41, 41, '2025-06-01', 470000.00, 1.90, 8930.00),
(42, 42, '2025-06-01', 790000.00, 2.80, 22120.00),
(43, 43, '2025-06-01', 820000.00, 3.50, 28700.00),
(44, 44, '2025-06-01', 110000.00, 2.50, 2750.00),
(45, 45, '2025-06-01', 460000.00, 3.10, 14260.00),
(46, 46, '2025-06-01', 170000.00, 1.70, 2890.00),
(47, 47, '2025-06-01', 500000.00, 2.10, 10500.00),
(48, 48, '2025-06-01', 135000.00, 2.90, 3915.00),
(49, 49, '2025-06-01', 960000.00, 1.80, 17280.00),
(50, 50, '2025-06-01', 90000.00, 2.00, 1800.00);
