USE banco_cl;

INSERT INTO Clientes (id, nombre, documento, correo, fecha_registro, telefono) VALUES
(1, 'Feliciana Manso Casanovas', 90416641, 'ualemany@gmail.com', '2023-05-05', 300227918),
(2, 'Pascuala Gilabert-Llobet', 71068052, 'chitaterron@yahoo.com', '2024-11-26', 347488551),
(3, 'Alejo Bartolomé Hernando Alberola', 96587864, 'seguiseve@yahoo.com', '2024-01-06', 302308072),
(4, 'Hipólito Eugenio Rocamora Acosta', 76763380, 'fannysegui@yahoo.com', '2023-06-08', 300723367),
(5, 'Salvador Salgado Cobos', 85563889, 'quirino88@yahoo.com', '2024-03-15', 335879782),
(6, 'Arturo Coca Ribes', 44862187, 'rolandoborras@moraleda.es', '2024-05-27', 399177389),
(7, 'Amanda de Téllez', 64527847, 'coronarosa@yahoo.com', '2025-02-16', 372312224),
(8, 'Paulino Elías Roman', 95096583, 'jarce@hoyos.net', '2023-12-08', 331454234),
(9, 'Victor Rodrigo', 97477832, 'martisevero@yahoo.com', '2024-02-28', 389897752),
(10, 'Vilma Camacho Garmendia', 20460941, 'yballester@hotmail.com', '2023-10-28', 320688013),
(11, 'Tito Agustí Tudela', 18821578, 'aurea61@hotmail.com', '2024-11-06', 356491172),
(12, 'Eutimio Silva', 70559221, 'qlastra@gmail.com', '2024-03-08', 305785532),
(13, 'Cornelio Grande-Fábregas', 31726568, 'xcruz@gmail.com', '2023-09-07', 360607960),
(14, 'Estrella Fiol Espada', 19390356, 'emigdioquiroga@morales-vazquez.org', '2025-04-14', 336743763),
(15, 'Flor Planas Bilbao', 17694379, 'mansokike@gmail.com', '2023-08-14', 320140065),
(16, 'Lucas de Moreno', 10821479, 'cesar73@ugarte.es', '2024-09-10', 392699204),
(17, 'Antonia Camps Giménez', 82496890, 'valcalde@prat-pozuelo.es', '2023-02-16', 360140406),
(18, 'Plácido Reyes Zorrilla', 56731946, 'degea@gmail.com', '2024-10-11', 380988408),
(19, 'Guadalupe León Escalona', 27065121, 'tmontoya@galvez-puente.net', '2023-01-26', 339495554),
(20, 'Octavia Mesa Borrell', 27702483, 'luciana98@yahoo.com', '2023-05-05', 361527138),
(21, 'Diana Barba Roselló', 56920196, 'amadoferrandez@chico-aranda.es', '2023-06-11', 381867004),
(22, 'Nicolás Alfaro Blanco', 37912897, 'ojedaliliana@gmail.com', '2025-01-13', 332080996),
(23, 'Erasmo Carlos Sevillano', 44835436, 'pascualestevez@jara-palomar.com', '2024-09-28', 369630457),
(24, 'Rogelio Mate Pinedo', 40242402, 'urbano31@angel.com', '2023-09-22', 363352505),
(25, 'Tania Pla Martínez', 39109931, 'tere87@rincon.com', '2024-10-12', 373748173),
(26, 'Juan Francisco Córdoba Solé', 61857128, 'alcolearene@gmail.com', '2023-08-13', 324185752),
(27, 'Juan Pablo Carmona Llano', 75285815, 'calderonchelo@hotmail.com', '2022-12-31', 343806529),
(28, 'Perla Báez Pintor', 47693505, 'aroa97@bernad.com', '2022-10-01', 305912026),
(29, 'Silvestre Jose Angel Dominguez Alsina', 36334547, 'cristianbello@yahoo.com', '2023-11-05', 382649287),
(30, 'Eric Soriano', 71142535, 'josefaperea@barba.es', '2024-05-25', 393230068),
(31, 'Flor Bolaños-Rosselló', 97049506, 'emmacornejo@perales-boada.es', '2023-05-07', 310918297),
(32, 'Encarna Zamora Juliá', 57981345, 'sgiralt@yahoo.com', '2023-08-11', 317101092),
(33, 'Vicente Cañizares Luz', 72408987, 'rubenjara@carrasco.net', '2023-09-08', 301563630),
(34, 'Eloísa Borrell', 16130686, 'tvilaplana@yahoo.com', '2024-06-02', 386282816),
(35, 'Teresita Pozo-Balaguer', 97266701, 'oribas@diez-falcon.net', '2025-03-13', 356539646),
(36, 'Morena Emilia Tamayo Oliva', 71221280, 'toribiopardo@lopez.org', '2024-06-21', 383790592),
(37, 'Nazaret de Daza', 97858943, 'cerrorufina@tapia.org', '2023-01-13', 388041897),
(38, 'Olivia Hernández Benítez', 43391535, 'pagesjavier@gmail.com', '2024-05-24', 326678958),
(39, 'Yolanda Estévez-Arévalo', 77300885, 'hcabrero@hotmail.com', '2023-11-10', 320650416),
(40, 'Ciriaco Gabino Luján Cruz', 97850929, 'rtolosa@cruz-coloma.com', '2024-03-28', 399386560),
(41, 'Eutimio Moles', 16176587, 'amador86@goicoechea.com', '2023-05-22', 382464202),
(42, 'Marcio Mendez Suarez', 74174179, 'villenarafael@valle-iborra.com', '2024-11-16', 342501173),
(43, 'Julián Ballester', 30093006, 'kmoles@torre.com', '2022-10-18', 335502854),
(44, 'Marco Villanueva Bauzà', 69144993, 'albino62@blazquez.es', '2025-05-26', 370359879),
(45, 'Leonel Canales Aranda', 72672272, 'dmarin@caro.org', '2022-10-03', 327149337),
(46, 'Paca Benitez Baños', 30335369, 'acostamacarena@yahoo.com', '2025-02-18', 305131440),
(47, 'María Dolores Rosaura Marí Domínguez', 36599101, 'clementina72@barranco.es', '2024-07-09', 355559273),
(48, 'Gema Gámez Salmerón', 74409855, 'angelita72@zamorano.es', '2025-06-06', 341166629),
(49, 'Carolina Carrillo Bejarano', 89398176, 'trillovictoria@hotmail.com', '2022-11-30', 333410732),
(50, 'Marta Bautista', 42839537, 'melania09@casals.org', '2024-04-18', 338927117);
INSERT INTO Tipo_cuentas (id, nombre) VALUES
(1, 'Ahorro'),
(2, 'Corriente');
INSERT INTO Cuentas (id, tipo_cuenta_id, cliente_id, saldo, fecha_creacion) VALUES
(1, 1, 41, 6493974.26, '2024-11-17'),
(2, 1, 9, 5344551.34, '2022-12-20'),
(3, 1, 17, 4717766.5, '2023-05-28'),
(4, 1, 10, 4703820.31, '2025-04-01'),
(5, 2, 41, 7214167.54, '2023-04-13'),
(6, 1, 18, 9739166.57, '2024-11-19'),
(7, 1, 47, 6590893.43, '2024-03-13'),
(8, 1, 16, 1166611.42, '2024-09-14'),
(9, 2, 21, 1763780.42, '2023-03-29'),
(10, 1, 25, 5707502.21, '2023-01-29'),
(11, 2, 49, 3877701.5, '2023-09-25'),
(12, 1, 15, 9305456.98, '2024-04-16'),
(13, 1, 31, 3617409.69, '2023-11-18'),
(14, 2, 27, 8643437.51, '2022-12-20'),
(15, 1, 9, 8811742.15, '2023-08-17'),
(16, 2, 1, 5933758.97, '2024-11-21'),
(17, 1, 43, 6421870.21, '2024-05-05'),
(18, 1, 1, 3725715.54, '2023-02-13'),
(19, 2, 6, 6345044.07, '2024-10-07'),
(20, 2, 28, 6439545.79, '2023-12-20'),
(21, 2, 19, 5879022.19, '2025-05-20'),
(22, 2, 46, 3701585.94, '2023-08-18'),
(23, 1, 20, 6294923.1, '2024-11-02'),
(24, 2, 24, 7552839.67, '2025-05-25'),
(25, 2, 22, 2080895.88, '2024-03-26'),
(26, 2, 1, 8932099.99, '2024-05-27'),
(27, 1, 23, 1868678.24, '2024-12-30'),
(28, 1, 36, 5062904.03, '2024-01-01'),
(29, 1, 14, 6686197.27, '2024-09-25'),
(30, 1, 12, 5073110.18, '2023-12-13'),
(31, 2, 42, 4656661.27, '2023-09-09'),
(32, 1, 13, 4347543.29, '2023-12-11'),
(33, 1, 24, 3599335.28, '2023-07-23'),
(34, 2, 50, 4426775.77, '2023-04-11'),
(35, 1, 25, 6706696.99, '2024-02-16'),
(36, 2, 40, 4332535.13, '2024-10-15'),
(37, 1, 3, 1463429.36, '2023-05-31'),
(38, 2, 5, 8388708.13, '2023-10-14'),
(39, 1, 26, 5171843.33, '2023-09-30'),
(40, 2, 5, 6964339.03, '2023-09-20'),
(41, 2, 50, 9805791.71, '2024-02-05'),
(42, 1, 2, 4574081.06, '2023-11-08'),
(43, 1, 22, 8219193.24, '2023-04-16'),
(44, 1, 13, 3590721.14, '2023-12-28'),
(45, 1, 12, 7854710.48, '2024-02-10'),
(46, 2, 49, 1261041.94, '2025-05-18'),
(47, 1, 49, 8740395.47, '2022-11-26'),
(48, 1, 21, 9969234.25, '2024-06-26'),
(49, 1, 35, 8648132.91, '2024-11-18'),
(50, 1, 37, 3236216.4, '2025-05-26');
INSERT INTO Categoria_tarjetas (id, nombre) VALUES
(1, 'Credito'),
(2, 'Debito');
INSERT INTO Tipo_tarjetas (id, nombre, descuento) VALUES
(1, 'Joven', 10.0),
(2, 'Nomina', 5.0),
(3, 'Visa', 15.0);
INSERT INTO Tarjetas (id, tipo_tarjeta_id, categoria_tarjeta_id, cuenta_id, monto_apertura, saldo, estado, numero_tarjeta, fecha_expiracion, limite_credito) VALUES
(1, 2, 1, 5, 167780.31, 631042.06, 'Vencida', '346417788105418', '2029-05-30', 1771554.72),
(2, 3, 1, 32, 197716.43, 84407.93, 'Bloqueada', '630416141806', '2027-08-30', 6384478.32),
(3, 1, 1, 25, 489209.82, 192810.67, 'Activa', '2289248402831278', '2026-07-08', 2255097.14),
(4, 2, 2, 48, 490037.86, 484280.72, 'Vencida', '4427808340484297', '2028-04-12', 5539523.97),
(5, 1, 2, 13, 185262.92, 200792.44, 'Vencida', '4999102470787', '2028-04-20', 8850676.4),
(6, 2, 2, 20, 205118.46, 880536.15, 'Vencida', '5391276400011070', '2028-06-08', 8036915.86),
(7, 2, 2, 22, 157527.64, 515682.79, 'Inactiva', '6587736131171198', '2029-07-11', 2329874.27),
(8, 3, 1, 38, 207582.03, 360799.58, 'Vencida', '676298656825', '2026-09-15', 9772870.44),
(9, 2, 2, 23, 482071.28, 431909.27, 'Inactiva', '6011503680662373', '2029-10-05', 4981546.11),
(10, 3, 2, 15, 478754.12, 199877.83, 'Vencida', '4694015684487658536', '2028-07-30', 1412089.61),
(11, 3, 1, 22, 437415.32, 385963.03, 'Inactiva', '4574276571197', '2026-11-04', 2407043.63),
(12, 3, 1, 4, 234981.96, 537454.45, 'Bloqueada', '4654215123905254', '2028-07-29', 7469183.83),
(13, 3, 1, 31, 412635.6, 65411.77, 'Inactiva', '4216956403651349621', '2027-06-08', 4931329.68),
(14, 1, 1, 42, 421131.54, 388197.28, 'Inactiva', '3508827890340612', '2030-02-09', 5661437.43),
(15, 1, 1, 12, 130378.25, 498209.0, 'Bloqueada', '377959927524951', '2027-04-30', 2033840.79),
(16, 1, 1, 21, 347642.36, 748822.45, 'Activa', '3558234911475668', '2027-02-09', 7742772.76),
(17, 2, 2, 43, 393665.93, 626905.55, 'Bloqueada', '213170087513051', '2030-06-14', 9259570.91),
(18, 1, 1, 29, 473495.85, 236774.61, 'Inactiva', '3579635424649208', '2026-07-29', 6228600.19),
(19, 1, 1, 12, 404447.13, 322902.58, 'Inactiva', '4667351657458090', '2028-06-22', 6483219.48),
(20, 2, 2, 6, 377667.81, 293666.22, 'Inactiva', '4649800825451200671', '2028-07-29', 6943987.04),
(21, 3, 2, 11, 243696.05, 991960.89, 'Inactiva', '3514268899856989', '2030-04-06', 4180726.97),
(22, 1, 2, 27, 212389.25, 125193.17, 'Bloqueada', '30299710715816', '2028-01-28', 2073843.39),
(23, 2, 1, 19, 481192.75, 362607.94, 'Bloqueada', '4428805121112633', '2030-03-18', 9328058.18),
(24, 3, 2, 50, 156141.84, 567154.41, 'Inactiva', '2227787087120080', '2030-05-12', 1706146.07),
(25, 3, 1, 37, 331928.79, 104812.66, 'Vencida', '4314101501969538', '2029-08-19', 4681219.51),
(26, 1, 1, 37, 291750.82, 116981.17, 'Vencida', '6011817842933955', '2026-11-03', 9241275.8),
(27, 2, 1, 6, 277288.06, 839261.59, 'Activa', '4122350415849499086', '2027-07-22', 3526820.13),
(28, 2, 1, 34, 340307.17, 261830.2, 'Bloqueada', '38517488832618', '2029-10-10', 2135051.81),
(29, 2, 2, 22, 465127.64, 278624.12, 'Inactiva', '503885969199', '2028-11-07', 3169762.0),
(30, 2, 2, 7, 403278.27, 279174.21, 'Activa', '4875050954073', '2028-06-19', 8953296.81),
(31, 2, 2, 49, 347476.09, 338318.72, 'Inactiva', '3563006903353225', '2028-09-28', 9820421.57),
(32, 3, 1, 31, 165295.33, 201633.42, 'Bloqueada', '4333420409067433868', '2029-07-22', 6211248.52),
(33, 3, 2, 39, 224372.25, 967919.46, 'Bloqueada', '4834508445155282', '2027-10-31', 6671727.62),
(34, 3, 1, 27, 175273.42, 118813.7, 'Activa', '3578198114713686', '2027-09-19', 8462571.89),
(35, 2, 1, 17, 165326.91, 656426.34, 'Vencida', '3536946323945569', '2028-06-01', 3656346.82),
(36, 1, 2, 33, 180683.68, 899618.77, 'Activa', '4798977146530680284', '2027-12-27', 1572387.8),
(37, 3, 2, 47, 400407.79, 401173.76, 'Bloqueada', '4828989816575548', '2028-06-28', 9746465.45),
(38, 1, 2, 21, 113641.04, 574089.27, 'Inactiva', '6011614997067410', '2027-11-26', 3883216.18),
(39, 2, 2, 10, 238913.58, 586758.71, 'Bloqueada', '2720122870563357', '2027-06-21', 2029980.61),
(40, 1, 2, 46, 452950.1, 86559.8, 'Inactiva', '4813242151148068', '2029-06-26', 3499689.05),
(41, 2, 1, 22, 231342.44, 479714.58, 'Vencida', '180089941165636', '2028-10-21', 7604907.1),
(42, 2, 2, 47, 398462.54, 800150.59, 'Vencida', '6550690108922872', '2029-07-25', 5358234.83),
(43, 1, 1, 9, 148028.72, 830533.94, 'Vencida', '589568339867', '2027-05-27', 7006310.28),
(44, 3, 1, 14, 467065.11, 111176.88, 'Inactiva', '4250449345430753', '2026-12-20', 1650607.58),
(45, 2, 1, 1, 122803.28, 470315.74, 'Activa', '6011712002202186', '2028-12-25', 1248068.25),
(46, 1, 1, 42, 289504.92, 175793.09, 'Bloqueada', '374003053744407', '2026-11-12', 9510662.77),
(47, 2, 1, 32, 400787.2, 509047.52, 'Inactiva', '4385299834466166', '2027-12-03', 8110685.78),
(48, 3, 1, 25, 498897.45, 138809.6, 'Activa', '213196894626000', '2028-02-02', 4511962.6),
(49, 3, 1, 37, 339419.97, 963583.45, 'Bloqueada', '6587678748090157', '2029-09-04', 6760496.42),
(50, 1, 1, 1, 325586.6, 93737.09, 'Inactiva', '4966398209229', '2029-04-27', 4267506.04);
INSERT INTO Cuotas_de_manejo (id, tarjeta_id, monto_base, monto_total, vencimiento_cuota, estado) VALUES
(1, 1, 50000.00, 47500.00, '2024-07-30', 'Pago'),
(2, 2, 50000.00, 42500.00, '2024-08-29', 'Pendiente'),
(3, 3, 50000.00, 45000.00, '2024-09-28', 'Pago'),
(4, 4, 50000.00, 47500.00, '2024-10-28', 'Pendiente'),
(5, 5, 50000.00, 45000.00, '2024-11-27', 'Pendiente'),
(6, 6, 50000.00, 47500.00, '2024-12-27', 'Pago'),
(7, 7, 50000.00, 47500.00, '2025-01-26', 'Pago'),
(8, 8, 50000.00, 42500.00, '2025-02-25', 'Pendiente'),
(9, 9, 50000.00, 47500.00, '2025-03-27', 'Pendiente'),
(10, 10, 50000.00, 42500.00, '2025-04-26', 'Pago'),
(11, 11, 50000.00, 42500.00, '2025-05-21', 'Pendiente'),
(12, 12, 50000.00, 42500.00, '2025-06-14', 'Pago'),
(13, 13, 50000.00, 42500.00, '2025-07-10', 'Pendiente'),
(14, 14, 50000.00, 45000.00, '2025-08-07', 'Pago'),
(15, 15, 50000.00, 45000.00, '2025-09-04', 'Pendiente'),
(16, 16, 50000.00, 45000.00, '2025-10-01', 'Pago'),
(17, 17, 50000.00, 47500.00, '2025-10-28', 'Pendiente'),
(18, 18, 50000.00, 45000.00, '2025-11-25', 'Pago'),
(19, 19, 50000.00, 45000.00, '2025-12-22', 'Pago'),
(20, 20, 50000.00, 47500.00, '2026-01-18', 'Pago'),
(21, 21, 50000.00, 42500.00, '2026-02-14', 'Pendiente'),
(22, 22, 50000.00, 45000.00, '2026-03-13', 'Pendiente'),
(23, 23, 50000.00, 47500.00, '2026-04-09', 'Pendiente'),
(24, 24, 50000.00, 42500.00, '2026-05-07', 'Pendiente'),
(25, 25, 50000.00, 42500.00, '2026-06-03', 'Pago'),
(26, 26, 50000.00, 45000.00, '2026-06-30', 'Pago'),
(27, 27, 50000.00, 47500.00, '2026-07-28', 'Pendiente'),
(28, 28, 50000.00, 47500.00, '2026-08-24', 'Pago'),
(29, 29, 50000.00, 47500.00, '2026-09-20', 'Pago'),
(30, 30, 50000.00, 47500.00, '2026-10-17', 'Pendiente'),
(31, 31, 50000.00, 47500.00, '2026-11-13', 'Pago'),
(32, 32, 50000.00, 42500.00, '2026-12-10', 'Pago'),
(33, 33, 50000.00, 42500.00, '2027-01-06', 'Pago'),
(34, 34, 50000.00, 42500.00, '2027-02-03', 'Pago'),
(35, 35, 50000.00, 47500.00, '2027-03-02', 'Pendiente'),
(36, 36, 50000.00, 45000.00, '2027-03-29', 'Pago'),
(37, 37, 50000.00, 42500.00, '2027-04-26', 'Pago'),
(38, 38, 50000.00, 42500.00, '2027-05-23', 'Pago'),
(39, 39, 50000.00, 47500.00, '2027-06-19', 'Pago'),
(40, 40, 50000.00, 45000.00, '2027-07-16', 'Pago'),
(41, 41, 50000.00, 47500.00, '2027-08-12', 'Pendiente'),
(42, 42, 50000.00, 47500.00, '2027-09-08', 'Pendiente'),
(43, 43, 50000.00, 45000.00, '2027-10-06', 'Pago'),
(44, 44, 50000.00, 42500.00, '2027-11-02', 'Pago'),
(45, 45, 50000.00, 47500.00, '2027-11-29', 'Pago'),
(46, 46, 50000.00, 45000.00, '2027-12-26', 'Pago'),
(47, 47, 50000.00, 47500.00, '2028-01-22', 'Pago'),
(48, 48, 50000.00, 42500.00, '2028-02-18', 'Pago'),
(49, 49, 50000.00, 42500.00, '2028-03-17', 'Pago'),
(50, 50, 50000.00, 45000.00, '2028-04-13', 'Pendiente');

INSERT INTO Pagos (id, cuota_id, fecha_pago, total_pago, metodo_pago, estado) VALUES
(1, 1, '2024-07-30', 47000.00, 'Tarjeta', 'pendiente'),
(2, 2, '2024-08-01', 42000.00, 'PSE', 'Rechazado'),
(3, 3, '2024-08-02', 44000.00, 'Efectivo', 'pendiente'),
(4, 4, '2024-08-03', 47000.00, 'Transferencia', 'Cancelado'),
(5, 5, '2024-08-04', 44000.00, 'Tarjeta', 'pendiente'),
(6, 6, '2024-08-05', 47500.00, 'PSE', 'Completado'),
(7, 7, '2024-08-06', 47000.00, 'Transferencia', 'Rechazado'),
(8, 8, '2024-08-07', 42000.00, 'Tarjeta', 'Cancelado'),
(9, 9, '2024-08-08', 47000.00, 'Transferencia', 'Completado'),
(10, 10, '2024-08-09', 42000.00, 'Efectivo', 'Rechazado'),
(11, 11, '2024-08-10', 42000.00, 'PSE', 'pendiente'),
(12, 12, '2024-08-11', 42000.00, 'Tarjeta', 'Rechazado'),
(13, 13, '2024-08-12', 42000.00, 'Transferencia', 'pendiente'),
(14, 14, '2024-08-13', 44000.00, 'Efectivo', 'pendiente'),
(15, 15, '2024-08-14', 44000.00, 'Transferencia', 'Cancelado'),
(16, 16, '2024-08-15', 44000.00, 'Efectivo', 'pendiente'),
(17, 17, '2024-08-16', 47000.00, 'PSE', 'pendiente'),
(18, 18, '2024-08-17', 44000.00, 'Tarjeta', 'Rechazado'),
(19, 19, '2024-08-18', 43000.00, 'PSE', 'pendiente'),
(20, 20, '2024-08-19', 47500.00, 'Tarjeta', 'pendiente'),
(21, 21, '2024-08-20', 42000.00, 'Efectivo', 'pendiente'),
(22, 22, '2024-08-21', 44000.00, 'Transferencia', 'pendiente'),
(23, 23, '2024-08-22', 47000.00, 'PSE', 'pendiente'),
(24, 24, '2024-08-23', 42000.00, 'Transferencia', 'Cancelado'),
(25, 25, '2024-08-24', 42000.00, 'Tarjeta', 'Completado'),
(26, 26, '2024-08-25', 44000.00, 'PSE', 'pendiente'),
(27, 27, '2024-08-26', 47500.00, 'PSE', 'Cancelado'),
(28, 28, '2024-08-27', 47000.00, 'Transferencia', 'pendiente'),
(29, 29, '2024-08-28', 47000.00, 'Tarjeta', 'Cancelado'),
(30, 30, '2024-08-29', 47500.00, 'Efectivo', 'Completado'),
(31, 31, '2024-08-30', 42000.00, 'Transferencia', 'Rechazado'),
(32, 32, '2024-08-31', 43000.00, 'Tarjeta', 'pendiente'),
(33, 33, '2024-09-01', 47000.00, 'Tarjeta', 'Cancelado'),
(34, 34, '2024-09-02', 42000.00, 'Efectivo', 'pendiente'),
(35, 35, '2024-09-03', 44000.00, 'Transferencia', 'Rechazado'),
(36, 36, '2024-09-04', 44000.00, 'PSE', 'pendiente'),
(37, 37, '2024-09-05', 42000.00, 'Efectivo', 'pendiente'),
(38, 38, '2024-09-06', 42000.00, 'PSE', 'Cancelado'),
(39, 39, '2024-09-07', 47500.00, 'Transferencia', 'pendiente'),
(40, 40, '2024-09-08', 44000.00, 'Efectivo', 'pendiente'),
(41, 41, '2024-09-09', 47000.00, 'Transferencia', 'pendiente'),
(42, 42, '2024-09-10', 42000.00, 'Tarjeta', 'pendiente'),
(43, 43, '2024-09-11', 44000.00, 'Transferencia', 'pendiente'),
(44, 44, '2024-09-12', 42000.00, 'Tarjeta', 'pendiente'),
(45, 45, '2024-09-13', 47000.00, 'Efectivo', 'pendiente'),
(46, 46, '2024-09-14', 44000.00, 'Transferencia', 'pendiente'),
(47, 47, '2024-09-15', 47500.00, 'Tarjeta', 'pendiente'),
(48, 48, '2024-09-16', 42000.00, 'Transferencia', 'pendiente'),
(49, 49, '2024-09-17', 42000.00, 'PSE', 'pendiente'),
(50, 50, '2024-09-18', 45000.00, 'Efectivo', 'pendiente');


INSERT INTO Historial_de_pagos (id, pago_id, fecha_cambio, estado_anterior, nuevo_estado) VALUES
(1, 45, '2024-10-18', 'Completado', 'Cancelado'),
(2, 45, '2025-01-15', 'Cancelado', 'Rechazado'),
(3, 9, '2024-08-29', 'Completado', 'Cancelado'),
(4, 25, '2025-06-18', 'Rechazado', 'Cancelado'),
(5, 49, '2024-10-14', 'pendiente', 'Completado'),
(6, 28, '2025-03-26', 'Rechazado', 'Cancelado'),
(7, 44, '2025-05-05', 'Rechazado', 'Rechazado'),
(8, 43, '2024-09-26', 'Completado', 'Cancelado'),
(9, 39, '2024-09-27', 'pendiente', 'Cancelado'),
(10, 5, '2024-07-04', 'Completado', 'pendiente'),
(11, 18, '2024-07-18', 'Rechazado', 'Completado'),
(12, 43, '2025-04-09', 'Rechazado', 'pendiente'),
(13, 33, '2025-02-15', 'Rechazado', 'Completado'),
(14, 23, '2024-09-30', 'Rechazado', 'Completado'),
(15, 4, '2025-03-12', 'Rechazado', 'Rechazado'),
(16, 33, '2024-09-05', 'Rechazado', 'pendiente'),
(17, 7, '2024-07-02', 'pendiente', 'Cancelado'),
(18, 24, '2024-12-26', 'Rechazado', 'pendiente'),
(19, 6, '2025-01-09', 'pendiente', 'Rechazado'),
(20, 34, '2024-07-29', 'Rechazado', 'pendiente'),
(21, 31, '2025-01-24', 'Rechazado', 'pendiente'),
(22, 36, '2025-04-30', 'Rechazado', 'pendiente'),
(23, 39, '2024-08-23', 'Rechazado', 'Completado'),
(24, 20, '2025-06-07', 'pendiente', 'Completado'),
(25, 19, '2024-09-10', 'Cancelado', 'pendiente'),
(26, 32, '2025-06-19', 'Cancelado', 'pendiente'),
(27, 15, '2024-10-03', 'Rechazado', 'pendiente'),
(28, 2, '2025-03-17', 'Rechazado', 'pendiente'),
(29, 1, '2024-12-16', 'pendiente', 'Rechazado'),
(30, 13, '2025-02-27', 'Cancelado', 'Rechazado'),
(31, 43, '2024-09-12', 'Cancelado', 'Completado'),
(32, 46, '2025-03-19', 'Completado', 'pendiente'),
(33, 16, '2025-03-05', 'Cancelado', 'Rechazado'),
(34, 40, '2025-02-28', 'Cancelado', 'Cancelado'),
(35, 18, '2024-09-13', 'Rechazado', 'Rechazado'),
(36, 12, '2025-04-20', 'pendiente', 'Cancelado'),
(37, 44, '2024-11-08', 'Cancelado', 'Rechazado'),
(38, 8, '2025-01-28', 'Rechazado', 'Completado'),
(39, 38, '2025-01-20', 'Completado', 'pendiente'),
(40, 21, '2025-03-13', 'Rechazado', 'Cancelado'),
(41, 48, '2024-10-03', 'Completado', 'Rechazado'),
(42, 20, '2025-04-22', 'pendiente', 'Cancelado'),
(43, 26, '2024-07-06', 'Completado', 'Completado'),
(44, 8, '2024-07-10', 'Cancelado', 'Completado'),
(45, 39, '2024-12-04', 'pendiente', 'Cancelado'),
(46, 1, '2024-08-08', 'pendiente', 'Cancelado'),
(47, 43, '2024-07-06', 'Completado', 'Completado'),
(48, 6, '2024-07-24', 'Rechazado', 'Completado'),
(49, 48, '2024-06-23', 'pendiente', 'Completado'),
(50, 2, '2025-05-04', 'Completado', 'Completado');
INSERT INTO Seguridad_tarjetas (id, tarjeta_id, pin, fecha_creacion) VALUES
(1, 1, 2434, '2023-03-03'),
(2, 2, 7809, '2023-03-06'),
(3, 3, 9190, '2025-05-18'),
(4, 4, 5405, '2024-08-05'),
(5, 5, 3012, '2023-12-26'),
(6, 6, 4958, '2023-06-17'),
(7, 7, 2211, '2024-11-05'),
(8, 8, 8460, '2023-09-04'),
(9, 9, 6966, '2023-12-04'),
(10, 10, 4274, '2024-05-06'),
(11, 11, 5967, '2023-04-02'),
(12, 12, 7114, '2023-01-17'),
(13, 13, 4238, '2024-05-16'),
(14, 14, 5334, '2023-03-21'),
(15, 15, 6176, '2024-02-23'),
(16, 16, 6916, '2025-05-23'),
(17, 17, 3502, '2023-04-28'),
(18, 18, 8735, '2025-01-02'),
(19, 19, 7387, '2024-07-16'),
(20, 20, 9256, '2024-05-31'),
(21, 21, 4733, '2024-05-01'),
(22, 22, 4189, '2025-04-19'),
(23, 23, 7894, '2023-01-23'),
(24, 24, 1978, '2022-10-26'),
(25, 25, 9994, '2023-03-08'),
(26, 26, 2983, '2023-05-22'),
(27, 27, 5711, '2023-03-27'),
(28, 28, 1217, '2024-08-19'),
(29, 29, 6135, '2023-02-13'),
(30, 30, 5812, '2023-12-26'),
(31, 31, 7655, '2025-04-23'),
(32, 32, 8155, '2022-10-18'),
(33, 33, 5954, '2023-12-31'),
(34, 34, 5707, '2025-04-08'),
(35, 35, 1661, '2024-06-10'),
(36, 36, 2649, '2024-07-02'),
(37, 37, 8178, '2022-12-09'),
(38, 38, 2048, '2023-09-11'),
(39, 39, 9769, '2024-02-03'),
(40, 40, 6123, '2023-02-14'),
(41, 41, 3096, '2024-01-06'),
(42, 42, 5395, '2023-12-14'),
(43, 43, 6982, '2024-07-02'),
(44, 44, 6061, '2024-05-08'),
(45, 45, 7191, '2024-08-24'),
(46, 46, 3386, '2025-06-10'),
(47, 47, 8026, '2025-06-02'),
(48, 48, 9305, '2023-06-03'),
(49, 49, 9556, '2023-12-13'),
(50, 50, 2983, '2024-06-22');
