USE banco_cl;

INSERT INTO Clientes (nombre, documento, correo, fecha_registro, telefono) VALUES
('Miguel Castro', '94872947', 'miguelnonosmates@campuslands.com', '2023-01-10', '+57 3205593201'),
('Maria Carreño', '87674545', 'mariacarreno@gmail.com', '2021-12-12', '+57 310432854'),
('Adrian Ruiz', '66666666', 'adrianruiz.campuslands@gmail.com', CURDATE(), '+57 3181899999' ),
('Santiago Arenas', '190778432', 'santiagoarenasa123@gmail.com', CURDATE(), '+57 3052357805'),
('Ian', '189748793', 'ianexcamper@gmail.com', '2023-07-04', '+57 2341842503'),
('Darwin Samuel Machucamelo', '954038274', 'darwinmax@gmail.com', '2023-04-04', '+57 2198328793'),
('Yean Paul', '120943839', 'yianpaul@gmail.com', '2024-06-28', '+57 3210354345'),
('Nicolas Muskus', '193845932', 'nicolasmuskushermano1@gmail.com', '2024-07-04', '+57 312948464'),
('Meliza Ardila', '123928342', 'melizaardila@gmail.com', '2022-02-12', '+57 35125842'),
('Danna Sofia', '192304247', 'dannaarias@gmail.com', '2025-09-23', '+57 320123213'),
('Sara Sofia', '103858294', 'soypequeñasara@gmail.com', '2025-03-04', '+57 31204553'),
('Sebiastian Gamboa', '102948214', 'sebastiandavidgamboa@gmail.com', '2022-01-04', '+57 31294487'),
('Lorena Contreras', '109853824', 'lorenacontreras@gmail.com', '2024-07-20', '+57 3129457322'),
('Ingeniero Juan', '10938754', 'juaningenierouis@gmail.com', '2020-01-01', '+57 328182374'),
('Luis Torres', '98472342', 'luistorres@gmail.com', '2023-08-15', '+57 3112345678'),
('Ana Ríos', '89742345', 'anarios@gmail.com', '2022-11-05', '+57 3009876543'),
('Carlos Mejía', '77894561', 'carlosmejia@campuslands.com', '2024-03-22', '+57 3131122334'),
('Valentina López', '88993412', 'valelopez@gmail.com', '2021-10-30', '+57 3209988776'),
('Niño Ortega', '93482319', 'julianortega@gmail.com', CURDATE(), '+57 3027766554'),
('Dilan Sneider', '1094732945', 'dilanpapa@gmail.com', '2024-05-17', '+57 302354554'),
('Kevin Amorocho', '93424456', 'kevinamorochomocho@gmail.com', '2022-02-22', '+57 3032553565'),
('Nico G', '124858356', 'nicolasg@gmail.com', CURDATE(), '+57 3757124563'),
('Juan Pabon', '94452795', 'eldelosteclados@gmail.com', '2023-09-13', '+57 3235674367'),
('Ronal Valderrama', '95738292', 'ronaldopibe@gmail.com', '2021-01-14', '+57 31563759825'),
('Andrés Lizarazo', '102345678', 'andresliz@campuslands.com', '2024-06-10', '+57 3101112233'),
('Fernanda Cala', '109876543', 'fernandacala@gmail.com', '2023-05-03', '+57 3012345678'),
('Karen Celis', '123456789', 'karencelis@campuslands.com', '2022-09-15', '+57 3139876543'),
('Hely Santiago', '987654321', 'helysantiago@gmail.com', CURDATE(), '+57 3145556677'),
('Julian Camilo', '112233445', 'elseñordelcursor@gmail.com', '2021-12-22', '+57 3157788990'),
('Mateo Paternina', '998877665', 'mateopaternina@campuslands.com', '2023-03-08', '+57 3161234567'),
('Uriel Fabian Vargas', '88776654', 'urielvargas@gmail.com', '2024-01-19', '+57 3177899001'),
('Pedro Gomez', '102495787', 'pedromipapa@campuslands.com', '2020-05-07', '+57 3184567890'),
('Juan David Jaimes', '101112131', 'juandavidjaimes@gmail.com', '2023-09-12', '+57 3104455667'),
('Juan Diego Meneses', '141516171', 'juandiegomeneses@campuslands.com', '2022-06-01', '+57 3017788990'),
('Juan José Ramírez', '81920212', 'juanjoseramirez@gmail.com', CURDATE(), '+57 3113344556'),
('Juan Pablo Cifuentes', '922324252', 'juanpablocifuentes@campuslands.com', '2024-04-18', '+57 3122233445'),
('Karolain Huertas', '962728293', 'karolainhuertas@gmail.com', '2021-11-09', '+57 3136677889'),
('Kevin Santiago Gutierrez', '903132333', 'kevinsgutierrez@gmail.com', '2022-08-14', '+57 3148899001'),
('Kevin Santiago R.', '943536373', 'kevinsr@gmail.com', '2023-12-03', '+57 3153344556'),
('Laura Camila Florez', '983940414', 'lauracamila@gmail.com', '2024-05-27', '+57 3169988776'),
('Yolhver Pardo', '920294742', 'trainercampuslands.yolhver@gmail.com', '2024-11-17', '+57 3201234567'),
('Eduard Humberto Guerrero', '901234567', 'eduardguerrero@gmail.com', '2023-07-05', '+57 3101234567'),
('Sara Nicoll Nuñez', '902345678', 'saranunez@gmail.com', '2023-07-05', '+57 3112345678'),
('Maicoll Stiven Méndez', '903456789', 'maicollmendez@campuslands.com', '2023-07-05', '+57 3123456789'),
('Johan Sebastian Larrota', '904567890', 'johanlarrota@gmail.com', '2023-07-05', '+57 3134567890'),
('Diego Ferney Díaz', '905678901', 'diegodiaz@gmail.com', '2023-07-05', '+57 3145678901'),
('Jorge Luis Moreno', '906789012', 'jorgeluismoreno@gmail.com', '2023-07-05', '+57 3156789012'),
('Edwin Mauricio Leon', '907890123', 'edwinleon@gmail.com', '2023-07-05', '+57 3167890123'),
('Darío Alejandro Romero', '908901234', 'darioromero@gmail.com', '2023-07-05', '+57 3178901234'),
('Cristofer Yesid Aguirre', '909012345', 'cristoferaguirre@gmail.com', '2023-07-05', '+57 3189012345');

INSERT INTO Tipo_cuentas (id, nombre) VALUES
(1, 'Ahorro'),
(2, 'Corriente');

INSERT INTO Tipo_movimiento_cuenta (nombre) VALUES 
('Deposito'),
('Nomina'),
('Retiro'),
('Retiro tarjeta');

INSERT INTO Tipo_movimiento_tarjeta (nombre) VALUES 
('Compra'),
('Retiro'),
('Devolucion');

INSERT INTO Cuentas (tipo_cuenta_id, cliente_id, saldo, fecha_creacion) VALUES
(1, 1, 550000, '2023-01-10'),
(1, 2, 1070000, '2021-12-20'),
(1, 3, 1504000, '2025-06-25'),
(1, 4, 2002000, '2025-07-10'),
(1, 5, 2545000, '2023-07-10'),
(1, 6, 3200000, '2023-04-04'),
(1, 7, 635000, '2024-06-30'),
(1, 8, 1250600, '2024-07-04'),
(1, 9, 18570000, '2022-02-15'),
(1, 10, 2412000, '2025-09-23'),
(1, 11, 3570000, '2025-03-04'),
(1, 12, 5432100, '2022-01-10'),
(1, 13, 5000, '2024-07-20'),
(1, 14, 556000, '2020-01-02'),
(1, 15, 120000, '2023-08-16'),
(1, 16, 215000, '2022-11-10'),
(1, 17, 1032000, '2024-04-10'),
(1, 18, 1238500, '2021-10-30'),
(1, 19, 1256000, '2025-06-26'),
(1, 20, 69400, '2024-05-17'),
(1, 21, 3960000, '2022-02-24'),
(1, 22, 3756000, '2025-06-30'),
(1, 23, 2359700, '2023-09-15'),
(1, 24, 23067680, '2021-01-20'),
(2, 25, 23694430, '2024-07-16'),
(2, 26, 57865000, '2023-05-07'),
(2, 27, 696300, '2022-09-16'),
(2, 28, 50235800, '2025-06-25'),
(2, 29, 697300, '2021-12-22'),
(2, 30, 5235700, '2023-03-18'),
(2, 31, 5236570, '2024-01-19'),
(2, 32, 200, '2020-05-12'),
(2, 33, 460000, '2023-09-12'),
(2, 34, 80000, '2022-06-04'),
(2, 35, 500000, '2025-06-25'),
(2, 36, 89000, '2024-04-18'),
(2, 37, 2350000, '2021-11-10'),
(2, 38, 55000, '2022-08-14'),
(2, 39, 512300, '2023-12-04'),
(2, 40, 5056700, '2024-05-30'),
(2, 41, 54920, '2024-11-19'),
(2, 42, 600, '2023-07-07'),
(2, 43, 3600000, '2023-07-08'),
(2, 44, 6495000, '2023-07-06'),
(2, 45, 52300, '2023-07-05'),
(2, 46, 7653000, '2023-07-30'),
(2, 47, 500, '2023-07-10'),
(2, 48, 603000, '2023-07-24'),
(2, 49, 23950, '2023-07-17'),
(2, 50, 2368500, '2023-07-09');
INSERT INTO Categoria_tarjetas (id, nombre) VALUES
(1, 'Credito'),
(2, 'Debito');
INSERT INTO Tipo_tarjetas (id, nombre, descuento) VALUES
(1, 'Joven', 10.0),
(2, 'Nomina', 5.0),
(3, 'Visa', 15.0);
INSERT INTO Tarjetas (id, tipo_tarjeta_id, categoria_tarjeta_id, cuenta_id, monto_apertura, saldo, estado, numero_tarjeta, fecha_expiracion, limite_credito) VALUES
(1, 2, 1, 1, 100000, 631042.06, 'Activa', '346417788105418', '2026-01-10', 1771554.72),
(2, 3, 1, 2, 100000, 84407.93, 'Vencida', '630416141806', '2024-12-20', 6384478.32),
(3, 1, 1, 3, 100000, 192810.67, 'Activa', '2289248402831278', '2028-06-25', 2255097.14),
(4, 2, 2, 4, 100000, 484280.72, 'Activa', '4427808340484297', '2028-07-10', 5539523.97),
(5, 1, 2, 5, 100000, 200792.44, 'Activa', '4999102470787', '2025-07-10', 8850676.4),
(6, 2, 2, 6, 100000, 880536.15, 'Activa', '5391276400011070', '2026-04-04', 8036915.86),
(7, 2, 2, 7, 100000, 515682.79, 'Bloqueada', '6587736131171198', '2027-06-30', 2329874.27),
(8, 3, 1, 8, 100000, 360799.58, 'Activa', '676298656825', '2027-07-04', 9772870.44),
(9, 2, 2, 9, 100000, 431909.27, 'Vencida', '6011503680662373', '2025-02-15', 4981546.11),
(10, 3, 2, 10, 100000, 199877.83, 'Activa', '4694015684487658536', '2028-09-23', 1412089.61),
(11, 3, 1, 11, 100000, 385963.03, 'Activa', '4574276571197', '2028-03-04', 2407043.63),
(12, 3, 1, 12, 100000, 537454.45, 'Vencida', '4654215123905254', '2025-01-10', 7469183.83),
(13, 3, 1, 13, 100000, 65411.77, 'Activa', '4216956403651349621', '2027-07-20', 4931329.68),
(14, 1, 1, 14, 100000, 388197.28, 'Vencida', '3508827890340612', '2023-01-02', 5661437.43),
(15, 1, 1, 15, 100000, 498209.0, 'Activa', '377959927524951', '2026-08-16', 2033840.79),
(16, 1, 1, 16, 100000, 748822.45, 'Activa', '3558234911475668', '2025-11-10', 7742772.76),
(17, 2, 2, 17, 100000, 626905.55, 'Activa', '213170087513051', '2027-04-10', 9259570.91),
(18, 1, 1, 18, 100000, 236774.61, 'Vencida', '3579635424649208', '2024-10-30', 6228600.19),
(19, 1, 1, 19, 100000, 322902.58, 'Bloqueada', '4667351657458090', '2028-06-26', 6483219.48),
(20, 2, 2, 20, 100000, 293666.22, 'Activa', '4649800825451200671', '2027-05-17', 6943987.04),
(21, 3, 2, 21, 100000, 991960.89, 'Vencida', '3514268899856989', '2025-02-24', 4180726.97),
(22, 1, 2, 22, 100000, 125193.17, 'Inactiva', '30299710715816', '2028-06-30', 2073843.39),
(23, 2, 1, 23, 100000, 362607.94, 'Activa', '4428805121112633', '2026-09-15', 9328058.18),
(24, 3, 2, 24, 100000, 567154.41, 'Vencida', '2227787087120080', '2024-01-20', 1706146.07),
(25, 3, 1, 25, 100000, 104812.66, 'Activa', '4314101501969538', '2027-07-16', 4681219.51),
(26, 1, 1, 26, 100000, 116981.17, 'Activa', '6011817842933955', '2026-05-07', 9241275.8),
(27, 2, 1, 27, 100000, 839261.59, 'Activa', '4122350415849499086', '2025-09-16', 3526820.13),
(28, 2, 1, 28, 100000, 261830.2, 'Activa', '38517488832618', '2028-06-25', 2135051.81),
(29, 2, 2, 29, 100000, 278624.12, 'Vencida', '503885969199', '2024-12-22', 3169762.0),
(30, 2, 2, 30, 100000, 279174.21, 'Activa', '4875050954073', '2026-03-18', 8953296.81),
(31, 2, 2, 31, 100000, 338318.72, 'Activa', '3563006903353225', '2027-01-19', 9820421.57),
(32, 3, 1, 32, 100000, 201633.42, 'Vencida', '4333420409067433868', '2023-05-12', 6211248.52),
(33, 3, 2, 33, 100000, 967919.46, 'Activa', '4834508445155282', '2026-09-12', 6671727.62),
(34, 3, 1, 34, 100000, 118813.7, 'Vencida', '3578198114713686', '2025-06-04', 8462571.89),
(35, 2, 1, 35, 100000, 656426.34, 'Inactiva', '3536946323945569', '2028-06-25', 3656346.82),
(36, 1, 2, 36, 100000, 899618.77, 'Activa', '4798977146530680284', '2027-04-18', 1572387.8),
(37, 3, 2, 37, 100000, 401173.76, 'Activa', '4828989816575548', '2024-11-10', 9746465.45),
(38, 1, 2, 38, 100000, 574089.27, 'Inactiva', '6011614997067410', '2025-08-14', 3883216.18),
(39, 2, 2, 39, 100000, 586758.71, 'Activa', '2720122870563357', '2026-12-04', 2029980.61),
(40, 1, 2, 40, 100000, 86559.8, 'Activa', '4813242151148068', '2027-05-30', 3499689.05),
(41, 2, 1, 41, 100000, 479714.58, 'Activa', '180089941165636', '2027-11-19', 7604907.1),
(42, 2, 2, 42, 100000, 800150.59, 'Bloqueada', '6550690108922872', '2026-07-07', 5358234.83),
(43, 1, 1, 43, 100000, 830533.94, 'Activa', '589568339867', '2026-07-08', 7006310.28),
(44, 3, 1, 44, 100000, 111176.88, 'Activa', '4250449345430753', '2026-07-06', 1650607.58),
(45, 2, 1, 45, 100000, 470315.74, 'Activa', '6011712002202186', '2026-07-05', 1248068.25),
(46, 1, 1, 46, 100000, 175793.09, 'Inactiva', '374003053744407', '2026-07-30', 9510662.77),
(47, 2, 1, 47, 100000, 509047.52, 'Bloqueada', '4385299834466166', '2026-07-10', 8110685.78),
(48, 3, 1, 48, 100000, 138809.6, 'Activa', '213196894626000', '2026-07-24', 4511962.6),
(49, 3, 1, 49, 100000, 963583.45, 'Activa', '6587678748090157', '2026-07-17', 6760496.42),
(50, 1, 1, 50, 100000, 93737.09, 'Bloqueada', '4966398209229', '2026-07-09', 4267506.04);
INSERT INTO Cuotas_de_manejo (tarjeta_id, monto_base, monto_total, vencimiento_cuota, estado) VALUES
(1, 1, 50000.00, 47500.00, '2025-07-02', 'Pago'),
(3, 3, 50000.00, 45000.00, '2025-07-02', 'Pago'),
(4, 4, 50000.00, 47500.00, '2025-07-02', 'Pendiente'),
(5, 5, 50000.00, 45000.00, '2025-07-02', 'Pendiente'),
(6, 6, 50000.00, 47500.00, '2025-07-02', 'Pago'),
(7, 7, 50000.00, 47500.00, '2025-07-02', 'Pendiente'),
(8, 8, 50000.00, 42500.00, '2025-07-02', 'Pendiente'),
(10, 10, 50000.00, 42500.00, '2025-07-02', 'Pago'),
(11, 11, 50000.00, 42500.00, '2025-07-02', 'Pendiente'),
(13, 13, 50000.00, 42500.00, '2025-07-02', 'Pendiente'),
(15, 15, 50000.00, 45000.00, '2025-07-02', 'Pendiente'),
(16, 16, 50000.00, 45000.00, '2025-07-02', 'Pago'),
(17, 17, 50000.00, 47500.00, '2025-07-02', 'Pendiente'),
(19, 19, 50000.00, 45000.00, '2025-07-02', 'Pendiente'),
(20, 20, 50000.00, 47500.00, '2025-07-02', 'Pago'),
(22, 22, 50000.00, 45000.00, '2025-07-02', 'Pendiente'),
(23, 23, 50000.00, 47500.00, '2025-07-02', 'Pendiente'),
(25, 25, 50000.00, 42500.00, '2025-07-02', 'Pago'),
(26, 26, 50000.00, 45000.00, '2025-07-02', 'Pago'),
(27, 27, 50000.00, 47500.00, '2025-07-02', 'Pendiente'),
(28, 28, 50000.00, 47500.00, '2025-07-02', 'Pago'),
(30, 30, 50000.00, 47500.00, '2025-07-02', 'Pendiente'),
(31, 31, 50000.00, 47500.00, '2025-07-02', 'Pago'),
(33, 33, 50000.00, 42500.00, '2025-07-02', 'Pago'),
(35, 35, 50000.00, 47500.00, '2025-07-02', 'Pendiente'),
(36, 36, 50000.00, 45000.00, '2025-07-02', 'Pago'),
(37, 37, 50000.00, 42500.00, '2025-07-02', 'Pago'),
(38, 38, 50000.00, 42500.00, '2025-07-02', 'Pendiente'),
(39, 39, 50000.00, 47500.00, '2025-07-02', 'Pago'),
(40, 40, 50000.00, 45000.00, '2025-07-02', 'Pago'),
(41, 41, 50000.00, 47500.00, '2025-07-02', 'Pendiente'),
(42, 42, 50000.00, 47500.00, '2025-07-02', 'Pendiente'),
(43, 43, 50000.00, 45000.00, '2025-07-02', 'Pago'),
(44, 44, 50000.00, 42500.00, '2025-07-02', 'Pago'),
(45, 45, 50000.00, 47500.00, '2025-07-02', 'Pago'),
(46, 46, 50000.00, 45000.00, '2025-07-02', 'Pendiente'),
(47, 47, 50000.00, 47500.00, '202-07-02', 'Pendiente'),
(48, 48, 50000.00, 42500.00, '2025-07-02', 'Pago'),
(49, 49, 50000.00, 42500.00, '2025-07-02', 'Pago'),
(50, 50, 50000.00, 45000.00, '2025-07-02', 'Pendiente');

INSERT INTO Pagos (id, cuota_id, fecha_pago, total_pago, metodo_pago, estado) VALUES
(1, 1, '2025-06-02', 47000.00, 'Tarjeta', 'Completado'),
(3, 3, '2025-06-02', 47500.00, 'Efectivo', 'Completado'),
(4, 4, '2025-06-03', 45000.00, 'Transferencia', 'Pendiente'),
(5, 5, '2025-06-04', 47500.00, 'Tarjeta', 'Pendiente'),
(6, 6, '2025-06-05', 47500.00, 'PSE', 'Completado'),
(7, 7, '2025-06-06', 42500.00, 'Transferencia', 'Rechazado'),
(8, 8, '2025-06-07', 42500.00, 'Tarjeta', 'Cancelado'),
(10, 10, '2025-06-09', 42500.00, 'Efectivo', 'Completado'),
(16, 16, '2025-06-15', 45000.00, 'Efectivo', 'Completado'),
(20, 20, '2025-06-19', 47500.00, 'Tarjeta', 'Completado'),
(22, 22, '2025-06-21', 45000.00, 'Transferencia', 'Pendiente'),
(23, 23, '2025-06-22', 47500.00, 'PSE', 'Pendiente'),
(25, 25, '2025-06-24', 42500.00, 'Tarjeta', 'Completado'),
(26, 26, '2025-06-25', 45000.00, 'PSE', 'Completado'),
(27, 27, '2025-06-26', 47500.00, 'PSE', 'Cancelado'),
(28, 28, '2025-06-27', 47500.00, 'Transferencia', 'Completado'),
(30, 30, '2025-06-29', 47500.00, 'Efectivo', 'Pendiente'),
(31, 31, '2025-06-30', 47500.00, 'Transferencia', 'Completado'),
(33, 33, '2025-06-05', 42500.00, 'Tarjeta', 'Completado'),
(35, 35, '2025-06-03', 47500.00, 'Transferencia', 'Rechazado'),
(36, 36, '2025-06-04', 45000.00, 'PSE', 'Completado'),
(37, 37, '2025-06-05', 42500.00, 'Efectivo', 'Completado'),
(38, 38, '2025-06-06', 42500.00, 'PSE', 'Cancelado'),
(39, 39, '2025-06-07', 47500.00, 'Transferencia', 'Completado'),
(40, 40, '2025-06-08', 45000.00, 'Efectivo', 'Completado'),
(43, 43, '2025-06-11', 45000.00, 'Transferencia', 'Completado'),
(44, 44, '2025-06-12', 42500.00, 'Tarjeta', 'Completado'),
(45, 45, '2025-06-13', 47500.00, 'Efectivo', 'Completado'),
(46, 46, '2025-06-14', 45000.00, 'Transferencia', 'Pendiente'),
(48, 48, '2025-06-16', 42500.00, 'Transferencia', 'Completado'),
(49, 49, '2025-06-17', 42500.00, 'PSE', 'Completado');


INSERT INTO Historial_de_pagos (id, pago_id, fecha_cambio, estado_anterior, nuevo_estado) VALUES
(1, 1, '2025-06-02', 'Pendiente', 'Completado'),
(2, 3, '2025-06-02', 'Pendiente', 'Completado'),
(3, 4, '2025-06-03', 'Inicio', 'Pendiente'),
(4, 5, '2025-06-04', 'Inicio', 'Pendiente'),
(5, 6, '2025-06-05', 'Pendiente', 'Completado'),
(6, 7, '2025-06-06', 'Pendiente', 'Rechazado'),
(7, 8, '2025-06-07', 'Completado', 'Cancelado'),
(8, 10, '2025-06-09', 'Pendiente', 'Completado'),
(9, 16, '2025-06-15', 'Pendiente', 'Completado'),
(10, 20, '2025-06-19', 'Pendiente', 'Completado'),
(11, 22, '2025-06-21', 'Inicio', 'Pendiente'),
(12, 23, '2025-06-22', 'Inicio', 'Pendiente'),
(13, 25, '2025-06-24', 'Pendiente', 'Completado'),
(14, 26, '2025-06-25', 'Pendiente', 'Completado'),
(15, 27, '2025-06-26', 'Completado', 'Cancelado'),
(16, 28, '2025-06-27', 'Pendiente', 'Completado'),
(17, 30, '2025-06-29', 'Inicio', 'Pendiente'),
(18, 31, '2025-06-30', 'Pendiente', 'Completado'),
(19, 33, '2025-06-05', 'Pendiente', 'Completado'),
(20, 35, '2025-06-03', 'Pendiente', 'Rechazado'),
(21, 36, '2025-06-04', 'Pendiente', 'Completado'),
(22, 37, '2025-06-05', 'Pendiente', 'Completado'),
(23, 38, '2025-06-06', 'Completado', 'Cancelado'),
(24, 39, '2025-06-07', 'Pendiente', 'Completado'),
(25, 40, '2025-06-08', 'Pendiente', 'Completado'),
(26, 43, '2025-06-11', 'Pendiente', 'Completado'),
(27, 44, '2025-06-12', 'Pendiente', 'Completado'),
(28, 45, '2025-06-13', 'Pendiente', 'Completado'),
(29, 46, '2025-06-14', 'Inicio', 'Pendiente'),
(30, 48, '2025-06-16', 'Pendiente', 'Completado'),
(31, 49, '2025-06-17', 'Pendiente', 'Completado');

INSERT INTO Seguridad_tarjetas (tarjeta_id, pin, fecha_creacion) VALUES
(1, '2434', '2023-01-10'),
(2, '7809', '2021-12-20'),
(3, '9190', '2025-06-25'),
(4, '5405', '2025-07-10'),
(5, '3012', '2023-07-10'),
(6, '4958', '2023-04-04'),
(7, '2211', '2024-06-30'),
(8, '8460', '2024-07-04'),
(9, '6966', '2022-02-15'),
(10, '4274', '2025-09-23'),
(11, '5967', '2025-03-04'),
(12, '7114', '2022-01-10'),
(13, '4238', '2024-07-20'),
(14, '5334', '2020-01-02'),
(15, '6176', '2023-08-16'),
(16, '6916', '2022-11-10'),
(17, '3502', '2024-04-10'),
(18, '8735', '2021-10-30'),
(19, '7387', '2025-06-26'),
(20, '9256', '2024-05-17'),
(21, '4733', '2022-02-24'),
(22, '4189', '2025-06-30'),
(23, '7894', '2023-09-15'),
(24, '1978', '2021-01-20'),
(25, '9994', '2024-07-16'),
(26, '2983', '2023-05-07'),
(27, '5711', '2022-09-16'),
(28, '1217', '2025-06-25'),
(29, '6135', '2021-12-22'),
(30, '5812', '2023-03-18'),
(31, '7655', '2024-01-19'),
(32, '8155', '2020-05-12'),
(33, '5954', '2023-09-12'),
(34, '5707', '2022-06-04'),
(35, '1661', '2025-06-25'),
(36, '2649', '2024-04-18'),
(37, '8178', '2021-11-10'),
(38, '2048', '2022-08-14'),
(39, '9769', '2023-12-04'),
(40, '6123', '2024-05-30'),
(41, '3096', '2024-11-19'),
(42, '5395', '2023-07-07'),
(43, '6982', '2023-07-08'),
(44, '6061', '2023-07-06'),
(45, '7191', '2023-07-05'),
(46, '3386', '2023-07-30'),
(47, '8026', '2023-07-10'),
(48, '9305', '2023-07-24'),
(49, '9556', '2023-07-17'),
(50, '2983', '2023-07-09');

INSERT INTO Movimientos (id, cuenta_id, tipo_movimiento, monto, fecha, saldo_anterior, nuevo_saldo) VALUES
(1, 1, 3, 225348.00, '2023-01-13', 775348.00, 550000.00),
(2, 2, 3, 106652.00, '2022-01-19', 1176652.00, 1070000.00),
(3, 3, 1, 222877.00, '2025-07-16', 1281123.00, 1504000.00),
(4, 4, 3, 342493.00, '2025-07-19', 2344493.00, 2002000.00),
(5, 5, 3, 141331.00, '2023-07-18', 2686331.00, 2545000.00),
(6, 6, 4, 1166560.00, '2023-04-29', 4366560.00, 3200000.00),
(7, 7, 3, 47338.00, '2024-07-10', 682338.00, 635000.00),
(8, 8, 1, 234483.00, '2024-07-13', 1016117.00, 1250600.00),
(9, 9, 3, 204505.00, '2022-03-01', 18774505.00, 18570000.00),
(10, 10, 4, 120678.00, '2025-10-14', 2532678.00, 2412000.00),
(11, 11, 1, 1046609.00, '2025-03-09', 2523391.00, 3570000.00),
(12, 12, 2, 408543.00, '2022-01-11', 5023557.00, 5432100.00),
(13, 13, 1, 4513.00, '2024-08-01', 487.00, 5000.00),
(14, 14, 4, 77006.00, '2020-01-04', 633006.00, 556000.00),
(15, 15, 3, 59053.00, '2023-09-03', 179053.00, 120000.00),
(16, 16, 2, 23181.00, '2022-11-29', 191819.00, 215000.00),
(17, 17, 2, 305508.00, '2024-04-21', 726492.00, 1032000.00),
(18, 18, 2, 269012.00, '2021-11-23', 969488.00, 1238500.00),
(19, 19, 1, 417715.00, '2025-07-16', 838285.00, 1256000.00),
(20, 20, 2, 29625.00, '2024-05-20', 39775.00, 69400.00),
(21, 21, 4, 1677188.00, '2022-03-03', 5637188.00, 3960000.00),
(22, 22, 1, 1252880.00, '2025-07-15', 2503120.00, 3756000.00),
(23, 23, 1, 608144.00, '2023-10-05', 1751556.00, 2359700.00),
(24, 24, 3, 7530352.00, '2021-02-08', 30598032.00, 23067680.00),
(25, 25, 3, 3264578.00, '2024-07-21', 26959008.00, 23694430.00),
(26, 26, 1, 23435302.00, '2023-05-17', 34429698.00, 57865000.00),
(27, 27, 3, 90174.00, '2022-09-30', 786474.00, 696300.00),
(28, 28, 1, 989632.00, '2025-07-16', 49246168.00, 50235800.00),
(29, 29, 4, 75837.00, '2022-01-17', 773137.00, 697300.00),
(30, 30, 3, 1187282.00, '2023-03-23', 6422982.00, 5235700.00),
(31, 31, 2, 1210867.00, '2024-01-24', 4025703.00, 5236570.00),
(32, 32, 2, 200.00, '2020-06-06', 0.00, 200.00),
(33, 33, 4, 187042.00, '2023-10-12', 647042.00, 460000.00),
(34, 34, 1, 72626.00, '2022-06-24', 7374.00, 80000.00),
(35, 35, 4, 113995.00, '2025-07-20', 613995.00, 500000.00),
(36, 36, 1, 32180.00, '2024-05-11', 56820.00, 89000.00),
(37, 37, 1, 180434.00, '2021-11-15', 2169566.00, 2350000.00),
(38, 38, 1, 26197.00, '2022-08-29', 28803.00, 55000.00),
(39, 39, 3, 86816.00, '2023-12-28', 599116.00, 512300.00),
(40, 40, 2, 1902623.00, '2024-06-27', 3154077.00, 5056700.00),
(41, 41, 2, 43326.00, '2024-12-02', 11594.00, 54920.00),
(42, 42, 2, 600.00, '2023-07-25', 0.00, 600.00),
(43, 43, 2, 129473.00, '2023-07-12', 3470527.00, 3600000.00),
(44, 44, 4, 1050955.00, '2023-07-18', 7545955.00, 6495000.00),
(45, 45, 3, 42001.00, '2023-07-08', 94301.00, 52300.00),
(46, 46, 3, 1703592.00, '2023-08-12', 9356592.00, 7653000.00),
(47, 47, 3, 500.00, '2023-07-31', 1000.00, 500.00),
(48, 48, 3, 202936.00, '2023-08-21', 805936.00, 603000.00),
(49, 49, 2, 2812.00, '2023-08-02', 21138.00, 23950.00),
(50, 50, 4, 114449.00, '2023-07-15', 2482949.00, 2368500.00);


INSERT INTO Movimientos_tarjeta VALUES
(1, 2, 1, '2024-01-01', 459499.68, 2),
(2, 1, 2, '2024-01-04', 742291.88, 3),
(3, 3, 3, '2024-01-07', 919420.24, 1),
(4, 2, 4, '2024-01-10', 233734.65, 1),
(5, 2, 5, '2024-01-13', 723580.91, 2),
(6, 2, 6, '2024-01-17', 899003.75, 6),
(7, 1, 7, '2024-01-20', 637202.31, 1),
(8, 2, 8, '2024-01-23', 988316.72, 5),
(9, 3, 9, '2024-01-26', 534272.85, 3),
(10, 3, 10, '2024-01-29', 664890.64, 3),
(11, 1, 11, '2024-02-01', 451196.42, 1),
(12, 3, 12, '2024-02-04', 798321.90, 2),
(13, 1, 13, '2024-02-07', 953211.44, 3),
(14, 3, 14, '2024-02-10', 178324.19, 5),
(15, 1, 15, '2024-02-13', 808345.11, 2),
(16, 3, 16, '2024-02-16', 149274.26, 5),
(17, 1, 17, '2024-02-19', 870194.92, 6),
(18, 2, 18, '2024-02-22', 453119.88, 1),
(19, 1, 19, '2024-02-25', 233856.21, 3),
(20, 3, 20, '2024-02-28', 778905.90, 1),
(21, 3, 21, '2024-03-02', 731064.83, 1),
(22, 3, 22, '2024-03-05', 927028.88, 2),
(23, 2, 23, '2024-03-08', 210952.13, 3),
(24, 2, 24, '2024-03-11', 835141.11, 6),
(25, 1, 25, '2024-03-14', 689384.58, 2),
(26, 1, 26, '2024-03-17', 166518.41, 5),
(27, 2, 27, '2024-03-20', 426058.14, 1),
(28, 2, 28, '2024-03-23', 867084.19, 1),
(29, 2, 29, '2024-03-26', 978438.34, 6),
(30, 3, 30, '2024-03-29', 243794.58, 1),
(31, 3, 31, '2024-04-01', 267914.79, 1),
(32, 2, 32, '2024-04-04', 479116.60, 2),
(33, 1, 33, '2024-04-07', 564179.02, 6),
(34, 1, 34, '2024-04-10', 941033.67, 5),
(35, 2, 35, '2024-04-13', 291152.49, 3),
(36, 1, 36, '2024-04-16', 945030.08, 2),
(37, 2, 37, '2024-04-19', 840654.90, 3),
(38, 1, 38, '2024-04-22', 282907.68, 2),
(39, 2, 39, '2024-04-25', 282660.94, 2),
(40, 2, 40, '2024-04-28', 825776.58, 2),
(41, 3, 41, '2024-05-01', 645044.63, 6),
(42, 3, 42, '2024-05-04', 322127.98, 2),
(43, 1, 43, '2024-05-07', 738671.36, 5),
(44, 1, 44, '2024-05-10', 843080.47, 2),
(45, 2, 45, '2024-05-13', 212230.76, 1),
(46, 3, 46, '2024-05-16', 774979.07, 3),
(47, 2, 47, '2024-05-20', 805242.99, 2),
(48, 1, 48, '2024-05-23', 859996.13, 3),
(49, 2, 49, '2024-06-05', 774944.49, 1),
(50, 3, 50, '2024-06-08', 601774.03, 1);

INSERT INTO Cuotas_credito VALUES
(1, 1, 1, '2024-02-01', 229749.84, 'Pagada'),
(2, 1, 2, '2024-03-01', 229749.84, 'Pagada'),
(3, 2, 1, '2024-02-04', 247430.63, 'Pagada'),
(4, 2, 2, '2024-03-04', 247430.63, 'Pendiente'),
(5, 2, 3, '2024-04-03', 247430.63, 'Pagada'),
(6, 3, 1, '2024-02-07', 919420.24, 'Pagada'),
(7, 4, 1, '2024-02-10', 233734.65, 'Pagada'),
(8, 5, 1, '2024-02-13', 361790.46, 'Pendiente'),
(9, 5, 2, '2024-03-13', 361790.46, 'Pagada'),
(10, 6, 1, '2024-02-17', 149834.0, 'Pagada'),
(11, 6, 2, '2024-03-17', 149834.0, 'Pendiente'),
(12, 6, 3, '2024-04-16', 149834.0, 'Pendiente'),
(13, 6, 4, '2024-05-16', 149834.0, 'Pagada'),
(14, 6, 5, '2024-06-15', 149834.0, 'Pagada'),
(15, 6, 6, '2024-07-15', 149834.0, 'Pendiente'),
(16, 7, 1, '2024-02-20', 637202.31, 'Pagada'),
(17, 8, 1, '2024-02-23', 197663.34, 'Pendiente'),
(18, 8, 2, '2024-03-23', 197663.34, 'Pagada'),
(19, 8, 3, '2024-04-22', 197663.34, 'Pagada'),
(20, 8, 4, '2024-05-22', 197663.34, 'Pendiente'),
(21, 8, 5, '2024-06-21', 197663.34, 'Pendiente'),
(22, 9, 1, '2024-02-26', 178090.95, 'Pendiente'),
(23, 9, 2, '2024-03-26', 178090.95, 'Pagada'),
(24, 9, 3, '2024-04-25', 178090.95, 'Pendiente'),
(25, 10, 1, '2024-02-29', 221630.21, 'Pagada'),
(26, 10, 2, '2024-03-30', 221630.21, 'Pendiente'),
(27, 10, 3, '2024-04-29', 221630.21, 'Pagada'),
(28, 12, 1, '2024-03-05', 399160.95, 'Pagada'),
(29, 12, 2, '2024-04-04', 399160.95, 'Pendiente'),
(30, 13, 1, '2024-03-07', 317737.15, 'Pagada'),
(31, 13, 2, '2024-04-06', 317737.15, 'Pendiente'),
(32, 13, 3, '2024-05-06', 317737.15, 'Pagada'),
(33, 14, 1, '2024-03-10', 35664.84, 'Pendiente'),
(34, 14, 2, '2024-04-09', 35664.84, 'Pagada'),
(35, 14, 3, '2024-05-09', 35664.84, 'Pagada'),
(36, 14, 4, '2024-06-08', 35664.84, 'Pendiente'),
(37, 14, 5, '2024-07-08', 35664.84, 'Pagada'),
(38, 15, 1, '2024-03-13', 404172.55, 'Pagada'),
(39, 15, 2, '2024-04-12', 404172.55, 'Pagada'),
(40, 16, 1, '2024-03-16', 29854.85, 'Pagada'),
(41, 16, 2, '2024-04-15', 29854.85, 'Pendiente'),
(42, 16, 3, '2024-05-15', 29854.85, 'Pagada'),
(43, 16, 4, '2024-06-14', 29854.85, 'Pendiente'),
(44, 16, 5, '2024-07-14', 29854.85, 'Pendiente'),
(45, 17, 1, '2024-03-19', 145032.49, 'Pendiente'),
(46, 17, 2, '2024-04-18', 145032.49, 'Pagada'),
(47, 17, 3, '2024-05-18', 145032.49, 'Pagada'),
(48, 17, 4, '2024-06-17', 145032.49, 'Pendiente'),
(49, 17, 5, '2024-07-17', 145032.49, 'Pagada'),
(50, 17, 6, '2024-08-16', 145032.49, 'Pendiente');

INSERT INTO Pagos_tarjeta VALUES
(1, 1, '2024-01-31', 229749.84),
(2, 2, '2024-03-01', 229749.84),
(3, 3, '2024-02-03', 247430.63),
(4, 5, '2024-04-02', 247430.63),
(5, 6, '2024-02-07', 919420.24),
(6, 7, '2024-02-10', 233734.65),
(7, 9, '2024-03-12', 361790.46),
(8, 10, '2024-02-16', 149834.00),
(9, 13, '2024-05-15', 149834.00),
(10, 14, '2024-06-14', 149834.00),
(11, 16, '2024-02-19', 637202.31),
(12, 18, '2024-03-22', 197663.34),
(13, 19, '2024-04-21', 197663.34),
(14, 23, '2024-03-25', 178090.95),
(15, 25, '2024-02-28', 221630.21),
(16, 27, '2024-04-28', 221630.21),
(17, 28, '2024-03-05', 399160.95),
(18, 30, '2024-03-07', 317737.15),
(19, 32, '2024-05-05', 317737.15),
(20, 34, '2024-04-08', 35664.84),
(21, 35, '2024-05-08', 35664.84),
(22, 37, '2024-07-07', 35664.84),
(23, 38, '2024-03-12', 404172.55),
(24, 39, '2024-04-11', 404172.55),
(25, 40, '2024-03-15', 29854.85),
(26, 42, '2024-05-14', 29854.85),
(27, 44, '2024-07-13', 29854.85),
(28, 46, '2024-04-17', 145032.49),
(29, 47, '2024-05-17', 145032.49),
(30, 49, '2024-07-16', 145032.49),
(31, 4, '2024-03-03', 247430.63),
(32, 8, '2024-02-09', 361790.46),
(33, 11, '2024-02-06', 149834.00),
(34, 12, '2024-03-15', 149834.00),
(35, 15, '2024-06-13', 149834.00),
(36, 17, '2024-02-19', 637202.31),
(37, 20, '2024-05-21', 197663.34),
(38, 21, '2024-06-20', 197663.34),
(39, 24, '2024-04-24', 178090.95),
(40, 26, '2024-03-29', 221630.21),
(41, 29, '2024-04-03', 399160.95),
(42, 31, '2024-04-05', 317737.15),
(43, 33, '2024-06-07', 35664.84),
(44, 36, '2024-07-07', 35664.84),
(45, 41, '2024-04-14', 29854.85),
(46, 43, '2024-06-13', 29854.85),
(47, 45, '2024-08-15', 145032.49),
(48, 48, '2024-06-18', 145032.49),
(49, 50, '2024-08-15', 145032.49),
(50, 22, '2024-03-23', 197663.34);
INSERT INTO Intereses_tarjetas VALUES
(1, 1, '2025-06-01', 580000.00, 2.50, 14500.00),
(2, 2, '2025-06-01', 84000.00, 1.80, 1512.00),
(3, 3, '2025-06-01', 190000.00, 2.90, 5510.00),
(4, 4, '2025-06-01', 480000.00, 2.30, 11040.00),
(5, 5, '2025-06-01', 200000.00, 3.10, 6200.00),
(6, 6, '2025-06-01', 870000.00, 2.00, 17400.00),
(7, 7, '2025-06-01', 500000.00, 1.70, 8500.00),
(8, 8, '2025-06-01', 350000.00, 2.60, 9100.00),
(9, 9, '2025-06-01', 430000.00, 1.90, 8170.00),
(10, 10, '2025-06-01', 190000.00, 2.50, 4750.00),
(11, 11, '2025-06-01', 380000.00, 2.40, 9120.00),
(12, 12, '2025-06-01', 530000.00, 3.00, 15900.00),
(13, 13, '2025-06-01', 65000.00, 1.50, 975.00),
(14, 14, '2025-06-01', 385000.00, 2.70, 10395.00),
(15, 15, '2025-06-01', 490000.00, 3.50, 17150.00),
(16, 16, '2025-06-01', 740000.00, 2.10, 15540.00),
(17, 17, '2025-06-01', 620000.00, 2.60, 16120.00),
(18, 18, '2025-06-01', 230000.00, 2.80, 6440.00),
(19, 19, '2025-06-01', 320000.00, 1.60, 5120.00),
(20, 20, '2025-06-01', 290000.00, 2.90, 8410.00),
(21, 21, '2025-06-01', 980000.00, 1.90, 18620.00),
(22, 22, '2025-06-01', 120000.00, 2.00, 2400.00),
(23, 23, '2025-06-01', 360000.00, 2.30, 8280.00),
(24, 24, '2025-06-01', 550000.00, 2.80, 15400.00),
(25, 25, '2025-06-01', 100000.00, 1.60, 1600.00),
(26, 26, '2025-06-01', 110000.00, 2.20, 2420.00),
(27, 27, '2025-06-01', 820000.00, 2.40, 19680.00),
(28, 28, '2025-06-01', 250000.00, 1.50, 3750.00),
(29, 29, '2025-06-01', 270000.00, 2.90, 7830.00),
(30, 30, '2025-06-01', 275000.00, 1.80, 4950.00),
(31, 31, '2025-06-01', 330000.00, 3.10, 10230.00),
(32, 32, '2025-06-01', 200000.00, 2.00, 4000.00),
(33, 33, '2025-06-01', 960000.00, 1.90, 18240.00),
(34, 34, '2025-06-01', 115000.00, 1.50, 1725.00),
(35, 35, '2025-06-01', 655000.00, 2.60, 17030.00),
(36, 36, '2025-06-01', 895000.00, 3.20, 28640.00),
(37, 37, '2025-06-01', 400000.00, 2.50, 10000.00),
(38, 38, '2025-06-01', 570000.00, 1.90, 10830.00),
(39, 39, '2025-06-01', 580000.00, 2.10, 12180.00),
(40, 40, '2025-06-01', 85000.00, 3.00, 2550.00),
(41, 41, '2025-06-01', 470000.00, 1.90, 8930.00),
(42, 42, '2025-06-01', 790000.00, 2.80, 22120.00),
(43, 43, '2025-06-01', 820000.00, 3.50, 28700.00),
(44, 44, '2025-06-01', 110000.00, 2.50, 2750.00),
(45, 45, '2025-06-01', 460000.00, 3.10, 14260.00),
(46, 46, '2025-06-01', 170000.00, 1.70, 2890.00),
(47, 47, '2025-06-01', 500000.00, 2.10, 10500.00),
(48, 48, '2025-06-01', 135000.00, 2.90, 3915.00),
(49, 49, '2025-06-01', 960000.00, 1.80, 17280.00),
(50, 50, '2025-06-01', 90000.00, 2.00, 1800.00);
